                                                                        S0000001
,,31HOpen CASCADE IGES processor 7.7,13HFilename.iges,                  G0000001
16HOpen CASCADE 7.7,31HOpen CASCADE IGES processor 7.7,32,308,15,308,15,G0000002
,1.,2,2HMM,1,0.01,15H20260113.163751,0.000155914,3.099775,6HSYSTEM,,11, G0000003
0,15H20260113.163751,;                                                  G0000004
     402       1       0       0       0       0       0       000000000D0000001
     402       0       0       1       1                    part        D0000002
     402       2       0       0       0       0       0       000020000D0000003
     402       0       0       1       1                               0D0000004
     144       3       0       0       0       0       0       000020000D0000005
     144       0   -2991       1       0                               0D0000006
     120       4       0       0       0       0       9       000010000D0000007
     120       0       0       1       0                               0D0000008
     124       5       0       0       0       0       0       000000000D0000009
     124       0       0       1       0                               0D0000010
     110       6       0       0       0       0       0       000010000D0000011
     110       0       0       1       0                               0D0000012
     110       7       0       0       0       0       0       000010000D0000013
     110       0       0       1       0                               0D0000014
     142       8       0       0       0       0       0       000010500D0000015
     142       0       0       1       0                               0D0000016
     102       9       0       0       0       0       0       000010000D0000017
     102       0       0       1       0                               0D0000018
     110      10       0       0       0       0       0       000010000D0000019
     110       0       0       1       0                               0D0000020
     110      11       0       0       0       0       0       000010000D0000021
     110       0       0       1       0                               0D0000022
     110      12       0       0       0       0       0       000010000D0000023
     110       0       0       2       0                               0D0000024
     110      14       0       0       0       0       0       000010000D0000025
     110       0   -2991       1       0                               0D0000026
     102      15       0       0       0       0       0       000010000D0000027
     102       0       0       1       0                               0D0000028
     100      16       0       0       0       0      31       000010000D0000029
     100       0       0       1       0                               0D0000030
     124      17       0       0       0       0       0       000000000D0000031
     124       0       0       1       0                               0D0000032
     126      18       0       0       0       0       0       000010000D0000033
     126       0       0       2       0                               0D0000034
     100      20       0       0       0       0      37       000010000D0000035
     100       0       0       1       0                               0D0000036
     124      21       0       0       0       0       0       000000000D0000037
     124       0       0       1       0                               0D0000038
     126      22       0       0       0       0       0       000010000D0000039
     126       0       0       2       0                               0D0000040
     144      24       0       0       0       0       0       000020000D0000041
     144       0   -2991       1       0                               0D0000042
     108      25       0       0       0       0       0       000010000D0000043
     108       0       0       1       0                               0D0000044
     142      26       0       0       0       0       0       000010500D0000045
     142       0       0       1       0                               0D0000046
     100      27       0       0       0       0      49       000010000D0000047
     100       0   -2991       1       0                               0D0000048
     124      28       0       0       0       0       0       000000000D0000049
     124       0       0       1       0                               0D0000050
     144      29       0       0       0       0       0       000020000D0000051
     144       0   -2991       1       0                               0D0000052
     108      30       0       0       0       0       0       000010000D0000053
     108       0       0       1       0                               0D0000054
     142      31       0       0       0       0       0       000010500D0000055
     142       0       0       1       0                               0D0000056
     100      32       0       0       0       0      59       000010000D0000057
     100       0   -2991       1       0                               0D0000058
     124      33       0       0       0       0       0       000000000D0000059
     124       0       0       1       0                               0D0000060
     402      34       0       0       0       0       0       000020000D0000061
     402       0       0       1       1                               0D0000062
     144      35       0       0       0       0       0       000020000D0000063
     144       0   -2993       1       0                               0D0000064
     108      36       0       0       0       0       0       000010000D0000065
     108       0       0       1       0                               0D0000066
     142      37       0       0       0       0       0       000010500D0000067
     142       0       0       1       0                               0D0000068
     102      38       0       0       0       0       0       000010000D0000069
     102       0       0       1       0                               0D0000070
     110      39       0       0       0       0       0       000010000D0000071
     110       0       0       1       0                               0D0000072
     110      40       0       0       0       0       0       000010000D0000073
     110       0       0       1       0                               0D0000074
     110      41       0       0       0       0       0       000010000D0000075
     110       0       0       1       0                               0D0000076
     110      42       0       0       0       0       0       000010000D0000077
     110       0       0       1       0                               0D0000078
     144      43       0       0       0       0       0       000020000D0000079
     144       0   -2993       1       0                               0D0000080
     108      44       0       0       0       0       0       000010000D0000081
     108       0       0       1       0                               0D0000082
     142      45       0       0       0       0       0       000010500D0000083
     142       0       0       1       0                               0D0000084
     102      46       0       0       0       0       0       000010000D0000085
     102       0       0       1       0                               0D0000086
     110      47       0       0       0       0       0       000010000D0000087
     110       0       0       1       0                               0D0000088
     110      48       0       0       0       0       0       000010000D0000089
     110       0       0       1       0                               0D0000090
     110      49       0       0       0       0       0       000010000D0000091
     110       0       0       1       0                               0D0000092
     110      50       0       0       0       0       0       000010000D0000093
     110       0   -2993       1       0                               0D0000094
     144      51       0       0       0       0       0       000020000D0000095
     144       0   -2993       1       0                               0D0000096
     108      52       0       0       0       0       0       000010000D0000097
     108       0       0       1       0                               0D0000098
     142      53       0       0       0       0       0       000010500D0000099
     142       0       0       1       0                               0D0000100
     102      54       0       0       0       0       0       000010000D0000101
     102       0       0       1       0                               0D0000102
     110      55       0       0       0       0       0       000010000D0000103
     110       0       0       1       0                               0D0000104
     110      56       0       0       0       0       0       000010000D0000105
     110       0       0       1       0                               0D0000106
     110      57       0       0       0       0       0       000010000D0000107
     110       0       0       1       0                               0D0000108
     110      58       0       0       0       0       0       000010000D0000109
     110       0   -2993       1       0                               0D0000110
     144      59       0       0       0       0       0       000020000D0000111
     144       0   -2993       1       0                               0D0000112
     108      60       0       0       0       0       0       000010000D0000113
     108       0       0       1       0                               0D0000114
     142      61       0       0       0       0       0       000010500D0000115
     142       0       0       1       0                               0D0000116
     102      62       0       0       0       0       0       000010000D0000117
     102       0       0       1       0                               0D0000118
     110      63       0       0       0       0       0       000010000D0000119
     110       0       0       1       0                               0D0000120
     110      64       0       0       0       0       0       000010000D0000121
     110       0   -2993       1       0                               0D0000122
     110      65       0       0       0       0       0       000010000D0000123
     110       0       0       1       0                               0D0000124
     110      66       0       0       0       0       0       000010000D0000125
     110       0   -2993       1       0                               0D0000126
     144      67       0       0       0       0       0       000020000D0000127
     144       0   -2993       1       0                               0D0000128
     108      68       0       0       0       0       0       000010000D0000129
     108       0       0       1       0                               0D0000130
     142      69       0       0       0       0       0       000010500D0000131
     142       0       0       1       0                               0D0000132
     102      70       0       0       0       0       0       000010000D0000133
     102       0       0       1       0                               0D0000134
     110      71       0       0       0       0       0       000010000D0000135
     110       0   -2993       1       0                               0D0000136
     110      72       0       0       0       0       0       000010000D0000137
     110       0   -2993       1       0                               0D0000138
     110      73       0       0       0       0       0       000010000D0000139
     110       0   -2993       1       0                               0D0000140
     110      74       0       0       0       0       0       000010000D0000141
     110       0   -2993       1       0                               0D0000142
     144      75       0       0       0       0       0       000020000D0000143
     144       0   -2993       1       0                               0D0000144
     108      76       0       0       0       0       0       000010000D0000145
     108       0       0       1       0                               0D0000146
     142      77       0       0       0       0       0       000010500D0000147
     142       0       0       1       0                               0D0000148
     102      78       0       0       0       0       0       000010000D0000149
     102       0       0       1       0                               0D0000150
     110      79       0       0       0       0       0       000010000D0000151
     110       0   -2993       1       0                               0D0000152
     110      80       0       0       0       0       0       000010000D0000153
     110       0   -2993       1       0                               0D0000154
     110      81       0       0       0       0       0       000010000D0000155
     110       0   -2993       1       0                               0D0000156
     110      82       0       0       0       0       0       000010000D0000157
     110       0   -2993       1       0                               0D0000158
     402      83       0       0       0       0       0       000020000D0000159
     402       0       0       1       1                               0D0000160
     144      84       0       0       0       0       0       000020000D0000161
     144       0   -2995       1       0                               0D0000162
     108      85       0       0       0       0       0       000010000D0000163
     108       0       0       1       0                               0D0000164
     142      86       0       0       0       0       0       000010500D0000165
     142       0       0       1       0                               0D0000166
     102      87       0       0       0       0       0       000010000D0000167
     102       0       0       1       0                               0D0000168
     110      88       0       0       0       0       0       000010000D0000169
     110       0       0       1       0                               0D0000170
     110      89       0       0       0       0       0       000010000D0000171
     110       0       0       1       0                               0D0000172
     110      90       0       0       0       0       0       000010000D0000173
     110       0       0       1       0                               0D0000174
     110      91       0       0       0       0       0       000010000D0000175
     110       0       0       1       0                               0D0000176
     144      92       0       0       0       0       0       000020000D0000177
     144       0   -2995       1       0                               0D0000178
     108      93       0       0       0       0       0       000010000D0000179
     108       0       0       1       0                               0D0000180
     142      94       0       0       0       0       0       000010500D0000181
     142       0       0       1       0                               0D0000182
     102      95       0       0       0       0       0       000010000D0000183
     102       0       0       1       0                               0D0000184
     110      96       0       0       0       0       0       000010000D0000185
     110       0   -2995       1       0                               0D0000186
     110      97       0       0       0       0       0       000010000D0000187
     110       0       0       1       0                               0D0000188
     110      98       0       0       0       0       0       000010000D0000189
     110       0       0       1       0                               0D0000190
     110      99       0       0       0       0       0       000010000D0000191
     110       0       0       1       0                               0D0000192
     144     100       0       0       0       0       0       000020000D0000193
     144       0   -2995       1       0                               0D0000194
     108     101       0       0       0       0       0       000010000D0000195
     108       0       0       1       0                               0D0000196
     142     102       0       0       0       0       0       000010500D0000197
     142       0       0       1       0                               0D0000198
     102     103       0       0       0       0       0       000010000D0000199
     102       0       0       1       0                               0D0000200
     110     104       0       0       0       0       0       000010000D0000201
     110       0   -2995       1       0                               0D0000202
     110     105       0       0       0       0       0       000010000D0000203
     110       0       0       1       0                               0D0000204
     110     106       0       0       0       0       0       000010000D0000205
     110       0       0       1       0                               0D0000206
     110     107       0       0       0       0       0       000010000D0000207
     110       0       0       1       0                               0D0000208
     144     108       0       0       0       0       0       000020000D0000209
     144       0   -2995       1       0                               0D0000210
     108     109       0       0       0       0       0       000010000D0000211
     108       0       0       2       0                               0D0000212
     142     111       0       0       0       0       0       000010500D0000213
     142       0       0       1       0                               0D0000214
     102     112       0       0       0       0       0       000010000D0000215
     102       0       0       1       0                               0D0000216
     110     113       0       0       0       0       0       000010000D0000217
     110       0       0       1       0                               0D0000218
     110     114       0       0       0       0       0       000010000D0000219
     110       0       0       1       0                               0D0000220
     110     115       0       0       0       0       0       000010000D0000221
     110       0       0       1       0                               0D0000222
     110     116       0       0       0       0       0       000010000D0000223
     110       0       0       1       0                               0D0000224
     144     117       0       0       0       0       0       000020000D0000225
     144       0   -2995       1       0                               0D0000226
     108     118       0       0       0       0       0       000010000D0000227
     108       0       0       2       0                               0D0000228
     142     120       0       0       0       0       0       000010500D0000229
     142       0       0       1       0                               0D0000230
     102     121       0       0       0       0       0       000010000D0000231
     102       0       0       1       0                               0D0000232
     110     122       0       0       0       0       0       000010000D0000233
     110       0       0       1       0                               0D0000234
     110     123       0       0       0       0       0       000010000D0000235
     110       0       0       1       0                               0D0000236
     110     124       0       0       0       0       0       000010000D0000237
     110       0       0       1       0                               0D0000238
     110     125       0       0       0       0       0       000010000D0000239
     110       0       0       1       0                               0D0000240
     144     126       0       0       0       0       0       000020000D0000241
     144       0   -2995       1       0                               0D0000242
     108     127       0       0       0       0       0       000010000D0000243
     108       0       0       1       0                               0D0000244
     142     128       0       0       0       0       0       000010500D0000245
     142       0       0       1       0                               0D0000246
     102     129       0       0       0       0       0       000010000D0000247
     102       0       0       1       0                               0D0000248
     110     130       0       0       0       0       0       000010000D0000249
     110       0       0       1       0                               0D0000250
     110     131       0       0       0       0       0       000010000D0000251
     110       0       0       1       0                               0D0000252
     110     132       0       0       0       0       0       000010000D0000253
     110       0       0       1       0                               0D0000254
     110     133       0       0       0       0       0       000010000D0000255
     110       0       0       1       0                               0D0000256
     144     134       0       0       0       0       0       000020000D0000257
     144       0   -2995       1       0                               0D0000258
     108     135       0       0       0       0       0       000010000D0000259
     108       0       0       1       0                               0D0000260
     142     136       0       0       0       0       0       000010500D0000261
     142       0       0       1       0                               0D0000262
     102     137       0       0       0       0       0       000010000D0000263
     102       0       0       1       0                               0D0000264
     110     138       0       0       0       0       0       000010000D0000265
     110       0       0       1       0                               0D0000266
     110     139       0       0       0       0       0       000010000D0000267
     110       0       0       1       0                               0D0000268
     110     140       0       0       0       0       0       000010000D0000269
     110       0       0       1       0                               0D0000270
     110     141       0       0       0       0       0       000010000D0000271
     110       0       0       1       0                               0D0000272
     144     142       0       0       0       0       0       000020000D0000273
     144       0   -2995       1       0                               0D0000274
     108     143       0       0       0       0       0       000010000D0000275
     108       0       0       1       0                               0D0000276
     142     144       0       0       0       0       0       000010500D0000277
     142       0       0       1       0                               0D0000278
     102     145       0       0       0       0       0       000010000D0000279
     102       0       0       1       0                               0D0000280
     110     146       0       0       0       0       0       000010000D0000281
     110       0   -2995       1       0                               0D0000282
     110     147       0       0       0       0       0       000010000D0000283
     110       0       0       1       0                               0D0000284
     110     148       0       0       0       0       0       000010000D0000285
     110       0   -2995       1       0                               0D0000286
     110     149       0       0       0       0       0       000010000D0000287
     110       0       0       1       0                               0D0000288
     144     150       0       0       0       0       0       000020000D0000289
     144       0   -2995       1       0                               0D0000290
     120     151       0       0       0       0     293       000010000D0000291
     120       0       0       1       0                               0D0000292
     124     152       0       0       0       0       0       000000000D0000293
     124       0       0       1       0                               0D0000294
     110     153       0       0       0       0       0       000010000D0000295
     110       0       0       1       0                               0D0000296
     110     154       0       0       0       0       0       000010000D0000297
     110       0       0       1       0                               0D0000298
     142     155       0       0       0       0       0       000010500D0000299
     142       0       0       1       0                               0D0000300
     102     156       0       0       0       0       0       000010000D0000301
     102       0       0       1       0                               0D0000302
     110     157       0       0       0       0       0       000010000D0000303
     110       0   -2995       1       0                               0D0000304
     110     158       0       0       0       0       0       000010000D0000305
     110       0       0       2       0                               0D0000306
     110     160       0       0       0       0       0       000010000D0000307
     110       0   -2995       1       0                               0D0000308
     110     161       0       0       0       0       0       000010000D0000309
     110       0       0       1       0                               0D0000310
     102     162       0       0       0       0       0       000010000D0000311
     102       0       0       1       0                               0D0000312
     110     163       0       0       0       0       0       000010000D0000313
     110       0       0       1       0                               0D0000314
     100     164       0       0       0       0     317       000010000D0000315
     100       0       0       1       0                               0D0000316
     124     165       0       0       0       0       0       000000000D0000317
     124       0       0       2       0                               0D0000318
     110     167       0       0       0       0       0       000010000D0000319
     110       0       0       1       0                               0D0000320
     100     168       0       0       0       0     323       000010000D0000321
     100       0       0       1       0                               0D0000322
     124     169       0       0       0       0       0       000000000D0000323
     124       0       0       2       0                               0D0000324
     144     171       0       0       0       0       0       000020000D0000325
     144       0   -2995       1       0                               0D0000326
     120     172       0       0       0       0     329       000010000D0000327
     120       0       0       1       0                               0D0000328
     124     173       0       0       0       0       0       000000000D0000329
     124       0       0       1       1                               0D0000330
     110     174       0       0       0       0       0       000010000D0000331
     110       0       0       1       0                               0D0000332
     110     175       0       0       0       0       0       000010000D0000333
     110       0       0       1       0                               0D0000334
     142     176       0       0       0       0       0       000010500D0000335
     142       0       0       1       0                               0D0000336
     102     177       0       0       0       0       0       000010000D0000337
     102       0       0       1       0                               0D0000338
     110     178       0       0       0       0       0       000010000D0000339
     110       0   -2995       1       0                               0D0000340
     110     179       0       0       0       0       0       000010000D0000341
     110       0       0       1       0                               0D0000342
     110     180       0       0       0       0       0       000010000D0000343
     110       0   -2995       1       0                               0D0000344
     110     181       0       0       0       0       0       000010000D0000345
     110       0       0       2       0                               0D0000346
     102     183       0       0       0       0       0       000010000D0000347
     102       0       0       1       0                               0D0000348
     110     184       0       0       0       0       0       000010000D0000349
     110       0       0       1       0                               0D0000350
     100     185       0       0       0       0     353       000010000D0000351
     100       0       0       2       0                               0D0000352
     124     187       0       0       0       0       0       000000000D0000353
     124       0       0       2       0                               0D0000354
     110     189       0       0       0       0       0       000010000D0000355
     110       0       0       1       0                               0D0000356
     100     190       0       0       0       0     359       000010000D0000357
     100       0       0       2       0                               0D0000358
     124     192       0       0       0       0       0       000000000D0000359
     124       0       0       2       0                               0D0000360
     144     194       0       0       0       0       0       000020000D0000361
     144       0   -2995       1       0                               0D0000362
     120     195       0       0       0       0     365       000010000D0000363
     120       0       0       1       0                               0D0000364
     124     196       0       0       0       0       0       000000000D0000365
     124       0       0       1       1                               0D0000366
     110     197       0       0       0       0       0       000010000D0000367
     110       0       0       1       0                               0D0000368
     110     198       0       0       0       0       0       000010000D0000369
     110       0       0       1       0                               0D0000370
     142     199       0       0       0       0       0       000010500D0000371
     142       0       0       1       0                               0D0000372
     102     200       0       0       0       0       0       000010000D0000373
     102       0       0       1       0                               0D0000374
     110     201       0       0       0       0       0       000010000D0000375
     110       0   -2995       1       0                               0D0000376
     110     202       0       0       0       0       0       000010000D0000377
     110       0       0       1       0                               0D0000378
     110     203       0       0       0       0       0       000010000D0000379
     110       0   -2995       1       0                               0D0000380
     110     204       0       0       0       0       0       000010000D0000381
     110       0       0       2       0                               0D0000382
     102     206       0       0       0       0       0       000010000D0000383
     102       0       0       1       0                               0D0000384
     110     207       0       0       0       0       0       000010000D0000385
     110       0       0       1       0                               0D0000386
     100     208       0       0       0       0     389       000010000D0000387
     100       0       0       2       0                               0D0000388
     124     210       0       0       0       0       0       000000000D0000389
     124       0       0       2       0                               0D0000390
     110     212       0       0       0       0       0       000010000D0000391
     110       0       0       1       0                               0D0000392
     100     213       0       0       0       0     395       000010000D0000393
     100       0       0       2       0                               0D0000394
     124     215       0       0       0       0       0       000000000D0000395
     124       0       0       2       0                               0D0000396
     144     217       0       0       0       0       0       000020000D0000397
     144       0   -2995       1       0                               0D0000398
     120     218       0       0       0       0     401       000010000D0000399
     120       0       0       1       0                               0D0000400
     124     219       0       0       0       0       0       000000000D0000401
     124       0       0       1       0                               0D0000402
     110     220       0       0       0       0       0       000010000D0000403
     110       0       0       1       0                               0D0000404
     110     221       0       0       0       0       0       000010000D0000405
     110       0       0       1       0                               0D0000406
     142     222       0       0       0       0       0       000010500D0000407
     142       0       0       1       0                               0D0000408
     102     223       0       0       0       0       0       000010000D0000409
     102       0       0       1       0                               0D0000410
     110     224       0       0       0       0       0       000010000D0000411
     110       0   -2995       1       0                               0D0000412
     110     225       0       0       0       0       0       000010000D0000413
     110       0       0       2       0                               0D0000414
     110     227       0       0       0       0       0       000010000D0000415
     110       0   -2995       1       0                               0D0000416
     110     228       0       0       0       0       0       000010000D0000417
     110       0       0       1       0                               0D0000418
     102     229       0       0       0       0       0       000010000D0000419
     102       0       0       1       0                               0D0000420
     110     230       0       0       0       0       0       000010000D0000421
     110       0       0       1       0                               0D0000422
     100     231       0       0       0       0     425       000010000D0000423
     100       0       0       1       0                               0D0000424
     124     232       0       0       0       0       0       000000000D0000425
     124       0       0       2       0                               0D0000426
     110     234       0       0       0       0       0       000010000D0000427
     110       0       0       1       0                               0D0000428
     100     235       0       0       0       0     431       000010000D0000429
     100       0       0       1       0                               0D0000430
     124     236       0       0       0       0       0       000000000D0000431
     124       0       0       2       0                               0D0000432
     144     238       0       0       0       0       0       000020000D0000433
     144       0   -2995       1       0                               0D0000434
     108     239       0       0       0       0       0       000010000D0000435
     108       0       0       1       0                               0D0000436
     142     240       0       0       0       0       0       000010500D0000437
     142       0       0       1       0                               0D0000438
     102     241       0       0       0       0       0       000010000D0000439
     102       0       0       1       0                               0D0000440
     110     242       0       0       0       0       0       000010000D0000441
     110       0   -2995       1       0                               0D0000442
     110     243       0       0       0       0       0       000010000D0000443
     110       0   -2995       1       0                               0D0000444
     110     244       0       0       0       0       0       000010000D0000445
     110       0   -2995       1       0                               0D0000446
     100     245       0       0       0       0     449       000010000D0000447
     100       0   -2995       2       0                               0D0000448
     124     247       0       0       0       0       0       000000000D0000449
     124       0       0       2       0                               0D0000450
     110     249       0       0       0       0       0       000010000D0000451
     110       0   -2995       1       0                               0D0000452
     100     250       0       0       0       0     455       000010000D0000453
     100       0   -2995       1       0                               0D0000454
     124     251       0       0       0       0       0       000000000D0000455
     124       0       0       2       0                               0D0000456
     110     253       0       0       0       0       0       000010000D0000457
     110       0   -2995       1       0                               0D0000458
     110     254       0       0       0       0       0       000010000D0000459
     110       0   -2995       1       0                               0D0000460
     110     255       0       0       0       0       0       000010000D0000461
     110       0   -2995       1       0                               0D0000462
     100     256       0       0       0       0     465       000010000D0000463
     100       0   -2995       2       0                               0D0000464
     124     258       0       0       0       0       0       000000000D0000465
     124       0       0       2       0                               0D0000466
     110     260       0       0       0       0       0       000010000D0000467
     110       0   -2995       1       0                               0D0000468
     100     261       0       0       0       0     471       000010000D0000469
     100       0   -2995       1       0                               0D0000470
     124     262       0       0       0       0       0       000000000D0000471
     124       0       0       2       0                               0D0000472
     144     264       0       0       0       0       0       000020000D0000473
     144       0   -2995       1       0                               0D0000474
     108     265       0       0       0       0       0       000010000D0000475
     108       0       0       1       0                               0D0000476
     142     266       0       0       0       0       0       000010500D0000477
     142       0       0       1       0                               0D0000478
     102     267       0       0       0       0       0       000010000D0000479
     102       0       0       1       0                               0D0000480
     110     268       0       0       0       0       0       000010000D0000481
     110       0   -2995       1       0                               0D0000482
     110     269       0       0       0       0       0       000010000D0000483
     110       0   -2995       1       0                               0D0000484
     110     270       0       0       0       0       0       000010000D0000485
     110       0   -2995       1       0                               0D0000486
     100     271       0       0       0       0     489       000010000D0000487
     100       0   -2995       1       0                               0D0000488
     124     272       0       0       0       0       0       000000000D0000489
     124       0       0       2       0                               0D0000490
     110     274       0       0       0       0       0       000010000D0000491
     110       0   -2995       1       0                               0D0000492
     100     275       0       0       0       0     495       000010000D0000493
     100       0   -2995       2       0                               0D0000494
     124     277       0       0       0       0       0       000000000D0000495
     124       0       0       2       0                               0D0000496
     110     279       0       0       0       0       0       000010000D0000497
     110       0   -2995       1       0                               0D0000498
     110     280       0       0       0       0       0       000010000D0000499
     110       0   -2995       1       0                               0D0000500
     110     281       0       0       0       0       0       000010000D0000501
     110       0   -2995       1       0                               0D0000502
     100     282       0       0       0       0     505       000010000D0000503
     100       0   -2995       1       0                               0D0000504
     124     283       0       0       0       0       0       000000000D0000505
     124       0       0       2       0                               0D0000506
     110     285       0       0       0       0       0       000010000D0000507
     110       0   -2995       1       0                               0D0000508
     100     286       0       0       0       0     511       000010000D0000509
     100       0   -2995       2       0                               0D0000510
     124     288       0       0       0       0       0       000000000D0000511
     124       0       0       2       0                               0D0000512
     402     290       0       0       0       0       0       000020000D0000513
     402       0       0       1       1                               0D0000514
     144     291       0       0       0       0       0       000020000D0000515
     144       0   -2995       1       0                               0D0000516
     108     292       0       0       0       0       0       000010000D0000517
     108       0       0       1       0                               0D0000518
     142     293       0       0       0       0       0       000010500D0000519
     142       0       0       1       0                               0D0000520
     102     294       0       0       0       0       0       000010000D0000521
     102       0       0       1       0                               0D0000522
     110     295       0       0       0       0       0       000010000D0000523
     110       0       0       1       0                               0D0000524
     110     296       0       0       0       0       0       000010000D0000525
     110       0       0       1       0                               0D0000526
     110     297       0       0       0       0       0       000010000D0000527
     110       0       0       1       0                               0D0000528
     110     298       0       0       0       0       0       000010000D0000529
     110       0       0       1       0                               0D0000530
     144     299       0       0       0       0       0       000020000D0000531
     144       0   -2995       1       0                               0D0000532
     108     300       0       0       0       0       0       000010000D0000533
     108       0       0       1       0                               0D0000534
     142     301       0       0       0       0       0       000010500D0000535
     142       0       0       1       0                               0D0000536
     102     302       0       0       0       0       0       000010000D0000537
     102       0       0       1       0                               0D0000538
     110     303       0       0       0       0       0       000010000D0000539
     110       0   -2995       1       0                               0D0000540
     110     304       0       0       0       0       0       000010000D0000541
     110       0       0       1       0                               0D0000542
     110     305       0       0       0       0       0       000010000D0000543
     110       0       0       1       0                               0D0000544
     110     306       0       0       0       0       0       000010000D0000545
     110       0       0       1       0                               0D0000546
     144     307       0       0       0       0       0       000020000D0000547
     144       0   -2995       1       0                               0D0000548
     108     308       0       0       0       0       0       000010000D0000549
     108       0       0       1       0                               0D0000550
     142     309       0       0       0       0       0       000010500D0000551
     142       0       0       1       0                               0D0000552
     102     310       0       0       0       0       0       000010000D0000553
     102       0       0       1       0                               0D0000554
     110     311       0       0       0       0       0       000010000D0000555
     110       0   -2995       1       0                               0D0000556
     110     312       0       0       0       0       0       000010000D0000557
     110       0       0       1       0                               0D0000558
     110     313       0       0       0       0       0       000010000D0000559
     110       0       0       1       0                               0D0000560
     110     314       0       0       0       0       0       000010000D0000561
     110       0       0       1       0                               0D0000562
     144     315       0       0       0       0       0       000020000D0000563
     144       0   -2995       1       0                               0D0000564
     108     316       0       0       0       0       0       000010000D0000565
     108       0       0       2       0                               0D0000566
     142     318       0       0       0       0       0       000010500D0000567
     142       0       0       1       0                               0D0000568
     102     319       0       0       0       0       0       000010000D0000569
     102       0       0       1       0                               0D0000570
     110     320       0       0       0       0       0       000010000D0000571
     110       0       0       1       0                               0D0000572
     110     321       0       0       0       0       0       000010000D0000573
     110       0       0       1       0                               0D0000574
     110     322       0       0       0       0       0       000010000D0000575
     110       0       0       1       0                               0D0000576
     110     323       0       0       0       0       0       000010000D0000577
     110       0       0       1       0                               0D0000578
     144     324       0       0       0       0       0       000020000D0000579
     144       0   -2995       1       0                               0D0000580
     108     325       0       0       0       0       0       000010000D0000581
     108       0       0       2       0                               0D0000582
     142     327       0       0       0       0       0       000010500D0000583
     142       0       0       1       0                               0D0000584
     102     328       0       0       0       0       0       000010000D0000585
     102       0       0       1       0                               0D0000586
     110     329       0       0       0       0       0       000010000D0000587
     110       0       0       1       0                               0D0000588
     110     330       0       0       0       0       0       000010000D0000589
     110       0       0       1       0                               0D0000590
     110     331       0       0       0       0       0       000010000D0000591
     110       0       0       1       0                               0D0000592
     110     332       0       0       0       0       0       000010000D0000593
     110       0       0       1       0                               0D0000594
     144     333       0       0       0       0       0       000020000D0000595
     144       0   -2995       1       0                               0D0000596
     108     334       0       0       0       0       0       000010000D0000597
     108       0       0       1       0                               0D0000598
     142     335       0       0       0       0       0       000010500D0000599
     142       0       0       1       0                               0D0000600
     102     336       0       0       0       0       0       000010000D0000601
     102       0       0       1       0                               0D0000602
     110     337       0       0       0       0       0       000010000D0000603
     110       0       0       1       0                               0D0000604
     110     338       0       0       0       0       0       000010000D0000605
     110       0       0       1       0                               0D0000606
     110     339       0       0       0       0       0       000010000D0000607
     110       0       0       1       0                               0D0000608
     110     340       0       0       0       0       0       000010000D0000609
     110       0       0       1       0                               0D0000610
     144     341       0       0       0       0       0       000020000D0000611
     144       0   -2995       1       0                               0D0000612
     108     342       0       0       0       0       0       000010000D0000613
     108       0       0       1       0                               0D0000614
     142     343       0       0       0       0       0       000010500D0000615
     142       0       0       1       0                               0D0000616
     102     344       0       0       0       0       0       000010000D0000617
     102       0       0       1       0                               0D0000618
     110     345       0       0       0       0       0       000010000D0000619
     110       0       0       1       0                               0D0000620
     110     346       0       0       0       0       0       000010000D0000621
     110       0       0       1       0                               0D0000622
     110     347       0       0       0       0       0       000010000D0000623
     110       0       0       1       0                               0D0000624
     110     348       0       0       0       0       0       000010000D0000625
     110       0       0       1       0                               0D0000626
     144     349       0       0       0       0       0       000020000D0000627
     144       0   -2995       1       0                               0D0000628
     108     350       0       0       0       0       0       000010000D0000629
     108       0       0       1       0                               0D0000630
     142     351       0       0       0       0       0       000010500D0000631
     142       0       0       1       0                               0D0000632
     102     352       0       0       0       0       0       000010000D0000633
     102       0       0       1       0                               0D0000634
     110     353       0       0       0       0       0       000010000D0000635
     110       0   -2995       1       0                               0D0000636
     110     354       0       0       0       0       0       000010000D0000637
     110       0       0       1       0                               0D0000638
     110     355       0       0       0       0       0       000010000D0000639
     110       0   -2995       1       0                               0D0000640
     110     356       0       0       0       0       0       000010000D0000641
     110       0       0       1       0                               0D0000642
     144     357       0       0       0       0       0       000020000D0000643
     144       0   -2995       1       0                               0D0000644
     120     358       0       0       0       0     647       000010000D0000645
     120       0       0       1       0                               0D0000646
     124     359       0       0       0       0       0       000000000D0000647
     124       0       0       1       0                               0D0000648
     110     360       0       0       0       0       0       000010000D0000649
     110       0       0       1       0                               0D0000650
     110     361       0       0       0       0       0       000010000D0000651
     110       0       0       1       0                               0D0000652
     142     362       0       0       0       0       0       000010500D0000653
     142       0       0       1       0                               0D0000654
     102     363       0       0       0       0       0       000010000D0000655
     102       0       0       1       0                               0D0000656
     110     364       0       0       0       0       0       000010000D0000657
     110       0   -2995       1       0                               0D0000658
     110     365       0       0       0       0       0       000010000D0000659
     110       0       0       2       0                               0D0000660
     110     367       0       0       0       0       0       000010000D0000661
     110       0   -2995       1       0                               0D0000662
     110     368       0       0       0       0       0       000010000D0000663
     110       0       0       1       0                               0D0000664
     102     369       0       0       0       0       0       000010000D0000665
     102       0       0       1       0                               0D0000666
     110     370       0       0       0       0       0       000010000D0000667
     110       0       0       1       0                               0D0000668
     100     371       0       0       0       0     671       000010000D0000669
     100       0       0       1       0                               0D0000670
     124     372       0       0       0       0       0       000000000D0000671
     124       0       0       2       0                               0D0000672
     110     374       0       0       0       0       0       000010000D0000673
     110       0       0       1       0                               0D0000674
     100     375       0       0       0       0     677       000010000D0000675
     100       0       0       1       0                               0D0000676
     124     376       0       0       0       0       0       000000000D0000677
     124       0       0       2       0                               0D0000678
     144     378       0       0       0       0       0       000020000D0000679
     144       0   -2995       1       0                               0D0000680
     120     379       0       0       0       0     683       000010000D0000681
     120       0       0       1       0                               0D0000682
     124     380       0       0       0       0       0       000000000D0000683
     124       0       0       1       1                               0D0000684
     110     381       0       0       0       0       0       000010000D0000685
     110       0       0       1       0                               0D0000686
     110     382       0       0       0       0       0       000010000D0000687
     110       0       0       1       0                               0D0000688
     142     383       0       0       0       0       0       000010500D0000689
     142       0       0       1       0                               0D0000690
     102     384       0       0       0       0       0       000010000D0000691
     102       0       0       1       0                               0D0000692
     110     385       0       0       0       0       0       000010000D0000693
     110       0   -2995       1       0                               0D0000694
     110     386       0       0       0       0       0       000010000D0000695
     110       0       0       1       0                               0D0000696
     110     387       0       0       0       0       0       000010000D0000697
     110       0   -2995       1       0                               0D0000698
     110     388       0       0       0       0       0       000010000D0000699
     110       0       0       2       0                               0D0000700
     102     390       0       0       0       0       0       000010000D0000701
     102       0       0       1       0                               0D0000702
     110     391       0       0       0       0       0       000010000D0000703
     110       0       0       1       0                               0D0000704
     100     392       0       0       0       0     707       000010000D0000705
     100       0       0       2       0                               0D0000706
     124     394       0       0       0       0       0       000000000D0000707
     124       0       0       2       0                               0D0000708
     110     396       0       0       0       0       0       000010000D0000709
     110       0       0       1       0                               0D0000710
     100     397       0       0       0       0     713       000010000D0000711
     100       0       0       2       0                               0D0000712
     124     399       0       0       0       0       0       000000000D0000713
     124       0       0       2       0                               0D0000714
     144     401       0       0       0       0       0       000020000D0000715
     144       0   -2995       1       0                               0D0000716
     120     402       0       0       0       0     719       000010000D0000717
     120       0       0       1       0                               0D0000718
     124     403       0       0       0       0       0       000000000D0000719
     124       0       0       1       1                               0D0000720
     110     404       0       0       0       0       0       000010000D0000721
     110       0       0       1       0                               0D0000722
     110     405       0       0       0       0       0       000010000D0000723
     110       0       0       1       0                               0D0000724
     142     406       0       0       0       0       0       000010500D0000725
     142       0       0       1       0                               0D0000726
     102     407       0       0       0       0       0       000010000D0000727
     102       0       0       1       0                               0D0000728
     110     408       0       0       0       0       0       000010000D0000729
     110       0   -2995       1       0                               0D0000730
     110     409       0       0       0       0       0       000010000D0000731
     110       0       0       1       0                               0D0000732
     110     410       0       0       0       0       0       000010000D0000733
     110       0   -2995       1       0                               0D0000734
     110     411       0       0       0       0       0       000010000D0000735
     110       0       0       2       0                               0D0000736
     102     413       0       0       0       0       0       000010000D0000737
     102       0       0       1       0                               0D0000738
     110     414       0       0       0       0       0       000010000D0000739
     110       0       0       1       0                               0D0000740
     100     415       0       0       0       0     743       000010000D0000741
     100       0       0       2       0                               0D0000742
     124     417       0       0       0       0       0       000000000D0000743
     124       0       0       2       0                               0D0000744
     110     419       0       0       0       0       0       000010000D0000745
     110       0       0       1       0                               0D0000746
     100     420       0       0       0       0     749       000010000D0000747
     100       0       0       2       0                               0D0000748
     124     422       0       0       0       0       0       000000000D0000749
     124       0       0       2       0                               0D0000750
     144     424       0       0       0       0       0       000020000D0000751
     144       0   -2995       1       0                               0D0000752
     120     425       0       0       0       0     755       000010000D0000753
     120       0       0       1       0                               0D0000754
     124     426       0       0       0       0       0       000000000D0000755
     124       0       0       1       0                               0D0000756
     110     427       0       0       0       0       0       000010000D0000757
     110       0       0       1       0                               0D0000758
     110     428       0       0       0       0       0       000010000D0000759
     110       0       0       1       0                               0D0000760
     142     429       0       0       0       0       0       000010500D0000761
     142       0       0       1       0                               0D0000762
     102     430       0       0       0       0       0       000010000D0000763
     102       0       0       1       0                               0D0000764
     110     431       0       0       0       0       0       000010000D0000765
     110       0   -2995       1       0                               0D0000766
     110     432       0       0       0       0       0       000010000D0000767
     110       0       0       2       0                               0D0000768
     110     434       0       0       0       0       0       000010000D0000769
     110       0   -2995       1       0                               0D0000770
     110     435       0       0       0       0       0       000010000D0000771
     110       0       0       1       0                               0D0000772
     102     436       0       0       0       0       0       000010000D0000773
     102       0       0       1       0                               0D0000774
     110     437       0       0       0       0       0       000010000D0000775
     110       0       0       1       0                               0D0000776
     100     438       0       0       0       0     779       000010000D0000777
     100       0       0       1       0                               0D0000778
     124     439       0       0       0       0       0       000000000D0000779
     124       0       0       2       0                               0D0000780
     110     441       0       0       0       0       0       000010000D0000781
     110       0       0       1       0                               0D0000782
     100     442       0       0       0       0     785       000010000D0000783
     100       0       0       1       0                               0D0000784
     124     443       0       0       0       0       0       000000000D0000785
     124       0       0       2       0                               0D0000786
     144     445       0       0       0       0       0       000020000D0000787
     144       0   -2995       1       0                               0D0000788
     108     446       0       0       0       0       0       000010000D0000789
     108       0       0       1       0                               0D0000790
     142     447       0       0       0       0       0       000010500D0000791
     142       0       0       1       0                               0D0000792
     102     448       0       0       0       0       0       000010000D0000793
     102       0       0       1       0                               0D0000794
     110     449       0       0       0       0       0       000010000D0000795
     110       0   -2995       1       0                               0D0000796
     110     450       0       0       0       0       0       000010000D0000797
     110       0   -2995       1       0                               0D0000798
     110     451       0       0       0       0       0       000010000D0000799
     110       0   -2995       1       0                               0D0000800
     100     452       0       0       0       0     803       000010000D0000801
     100       0   -2995       2       0                               0D0000802
     124     454       0       0       0       0       0       000000000D0000803
     124       0       0       2       0                               0D0000804
     110     456       0       0       0       0       0       000010000D0000805
     110       0   -2995       1       0                               0D0000806
     100     457       0       0       0       0     809       000010000D0000807
     100       0   -2995       1       0                               0D0000808
     124     458       0       0       0       0       0       000000000D0000809
     124       0       0       2       0                               0D0000810
     110     460       0       0       0       0       0       000010000D0000811
     110       0   -2995       1       0                               0D0000812
     110     461       0       0       0       0       0       000010000D0000813
     110       0   -2995       1       0                               0D0000814
     110     462       0       0       0       0       0       000010000D0000815
     110       0   -2995       1       0                               0D0000816
     100     463       0       0       0       0     819       000010000D0000817
     100       0   -2995       2       0                               0D0000818
     124     465       0       0       0       0       0       000000000D0000819
     124       0       0       2       0                               0D0000820
     110     467       0       0       0       0       0       000010000D0000821
     110       0   -2995       1       0                               0D0000822
     100     468       0       0       0       0     825       000010000D0000823
     100       0   -2995       1       0                               0D0000824
     124     469       0       0       0       0       0       000000000D0000825
     124       0       0       2       0                               0D0000826
     144     471       0       0       0       0       0       000020000D0000827
     144       0   -2995       1       0                               0D0000828
     108     472       0       0       0       0       0       000010000D0000829
     108       0       0       1       0                               0D0000830
     142     473       0       0       0       0       0       000010500D0000831
     142       0       0       1       0                               0D0000832
     102     474       0       0       0       0       0       000010000D0000833
     102       0       0       1       0                               0D0000834
     110     475       0       0       0       0       0       000010000D0000835
     110       0   -2995       1       0                               0D0000836
     110     476       0       0       0       0       0       000010000D0000837
     110       0   -2995       1       0                               0D0000838
     110     477       0       0       0       0       0       000010000D0000839
     110       0   -2995       1       0                               0D0000840
     100     478       0       0       0       0     843       000010000D0000841
     100       0   -2995       1       0                               0D0000842
     124     479       0       0       0       0       0       000000000D0000843
     124       0       0       2       0                               0D0000844
     110     481       0       0       0       0       0       000010000D0000845
     110       0   -2995       1       0                               0D0000846
     100     482       0       0       0       0     849       000010000D0000847
     100       0   -2995       2       0                               0D0000848
     124     484       0       0       0       0       0       000000000D0000849
     124       0       0       2       0                               0D0000850
     110     486       0       0       0       0       0       000010000D0000851
     110       0   -2995       1       0                               0D0000852
     110     487       0       0       0       0       0       000010000D0000853
     110       0   -2995       1       0                               0D0000854
     110     488       0       0       0       0       0       000010000D0000855
     110       0   -2995       1       0                               0D0000856
     100     489       0       0       0       0     859       000010000D0000857
     100       0   -2995       1       0                               0D0000858
     124     490       0       0       0       0       0       000000000D0000859
     124       0       0       2       0                               0D0000860
     110     492       0       0       0       0       0       000010000D0000861
     110       0   -2995       1       0                               0D0000862
     100     493       0       0       0       0     865       000010000D0000863
     100       0   -2995       2       0                               0D0000864
     124     495       0       0       0       0       0       000000000D0000865
     124       0       0       2       0                               0D0000866
     402     497       0       0       0       0       0       000020000D0000867
     402       0       0       2       1                               0D0000868
     144     499       0       0       0       0       0       000020000D0000869
     144       0   -2995       1       0                               0D0000870
     108     500       0       0       0       0       0       000010000D0000871
     108       0       0       1       0                               0D0000872
     142     501       0       0       0       0       0       000010500D0000873
     142       0       0       1       0                               0D0000874
     102     502       0       0       0       0       0       000010000D0000875
     102       0       0       1       0                               0D0000876
     110     503       0       0       0       0       0       000010000D0000877
     110       0       0       1       0                               0D0000878
     110     504       0       0       0       0       0       000010000D0000879
     110       0       0       1       0                               0D0000880
     110     505       0       0       0       0       0       000010000D0000881
     110       0       0       1       0                               0D0000882
     110     506       0       0       0       0       0       000010000D0000883
     110       0       0       1       0                               0D0000884
     144     507       0       0       0       0       0       000020000D0000885
     144       0   -2995       1       0                               0D0000886
     108     508       0       0       0       0       0       000010000D0000887
     108       0       0       1       0                               0D0000888
     142     509       0       0       0       0       0       000010500D0000889
     142       0       0       1       0                               0D0000890
     102     510       0       0       0       0       0       000010000D0000891
     102       0       0       1       0                               0D0000892
     110     511       0       0       0       0       0       000010000D0000893
     110       0   -2995       1       0                               0D0000894
     110     512       0       0       0       0       0       000010000D0000895
     110       0       0       1       0                               0D0000896
     110     513       0       0       0       0       0       000010000D0000897
     110       0       0       1       0                               0D0000898
     110     514       0       0       0       0       0       000010000D0000899
     110       0       0       1       0                               0D0000900
     144     515       0       0       0       0       0       000020000D0000901
     144       0   -2995       1       0                               0D0000902
     108     516       0       0       0       0       0       000010000D0000903
     108       0       0       1       0                               0D0000904
     142     517       0       0       0       0       0       000010500D0000905
     142       0       0       1       0                               0D0000906
     102     518       0       0       0       0       0       000010000D0000907
     102       0       0       1       0                               0D0000908
     110     519       0       0       0       0       0       000010000D0000909
     110       0   -2995       1       0                               0D0000910
     110     520       0       0       0       0       0       000010000D0000911
     110       0       0       1       0                               0D0000912
     110     521       0       0       0       0       0       000010000D0000913
     110       0       0       1       0                               0D0000914
     110     522       0       0       0       0       0       000010000D0000915
     110       0       0       1       0                               0D0000916
     144     523       0       0       0       0       0       000020000D0000917
     144       0   -2995       1       0                               0D0000918
     108     524       0       0       0       0       0       000010000D0000919
     108       0       0       2       0                               0D0000920
     142     526       0       0       0       0       0       000010500D0000921
     142       0       0       1       0                               0D0000922
     102     527       0       0       0       0       0       000010000D0000923
     102       0       0       1       0                               0D0000924
     110     528       0       0       0       0       0       000010000D0000925
     110       0       0       1       0                               0D0000926
     110     529       0       0       0       0       0       000010000D0000927
     110       0       0       1       0                               0D0000928
     110     530       0       0       0       0       0       000010000D0000929
     110       0       0       1       0                               0D0000930
     110     531       0       0       0       0       0       000010000D0000931
     110       0       0       1       0                               0D0000932
     144     532       0       0       0       0       0       000020000D0000933
     144       0   -2995       1       0                               0D0000934
     108     533       0       0       0       0       0       000010000D0000935
     108       0       0       2       0                               0D0000936
     142     535       0       0       0       0       0       000010500D0000937
     142       0       0       1       0                               0D0000938
     102     536       0       0       0       0       0       000010000D0000939
     102       0       0       1       0                               0D0000940
     110     537       0       0       0       0       0       000010000D0000941
     110       0       0       1       0                               0D0000942
     110     538       0       0       0       0       0       000010000D0000943
     110       0       0       1       0                               0D0000944
     110     539       0       0       0       0       0       000010000D0000945
     110       0       0       1       0                               0D0000946
     110     540       0       0       0       0       0       000010000D0000947
     110       0       0       1       0                               0D0000948
     144     541       0       0       0       0       0       000020000D0000949
     144       0   -2995       1       0                               0D0000950
     108     542       0       0       0       0       0       000010000D0000951
     108       0       0       1       0                               0D0000952
     142     543       0       0       0       0       0       000010500D0000953
     142       0       0       1       0                               0D0000954
     102     544       0       0       0       0       0       000010000D0000955
     102       0       0       1       0                               0D0000956
     110     545       0       0       0       0       0       000010000D0000957
     110       0       0       1       0                               0D0000958
     110     546       0       0       0       0       0       000010000D0000959
     110       0       0       1       0                               0D0000960
     110     547       0       0       0       0       0       000010000D0000961
     110       0       0       1       0                               0D0000962
     110     548       0       0       0       0       0       000010000D0000963
     110       0       0       1       0                               0D0000964
     144     549       0       0       0       0       0       000020000D0000965
     144       0   -2995       1       0                               0D0000966
     108     550       0       0       0       0       0       000010000D0000967
     108       0       0       1       0                               0D0000968
     142     551       0       0       0       0       0       000010500D0000969
     142       0       0       1       0                               0D0000970
     102     552       0       0       0       0       0       000010000D0000971
     102       0       0       1       0                               0D0000972
     110     553       0       0       0       0       0       000010000D0000973
     110       0       0       1       0                               0D0000974
     110     554       0       0       0       0       0       000010000D0000975
     110       0       0       1       0                               0D0000976
     110     555       0       0       0       0       0       000010000D0000977
     110       0       0       1       0                               0D0000978
     110     556       0       0       0       0       0       000010000D0000979
     110       0       0       1       0                               0D0000980
     144     557       0       0       0       0       0       000020000D0000981
     144       0   -2995       1       0                               0D0000982
     108     558       0       0       0       0       0       000010000D0000983
     108       0       0       1       0                               0D0000984
     142     559       0       0       0       0       0       000010500D0000985
     142       0       0       1       0                               0D0000986
     102     560       0       0       0       0       0       000010000D0000987
     102       0       0       1       0                               0D0000988
     110     561       0       0       0       0       0       000010000D0000989
     110       0   -2995       1       0                               0D0000990
     110     562       0       0       0       0       0       000010000D0000991
     110       0       0       1       0                               0D0000992
     110     563       0       0       0       0       0       000010000D0000993
     110       0   -2995       1       0                               0D0000994
     110     564       0       0       0       0       0       000010000D0000995
     110       0       0       1       0                               0D0000996
     144     565       0       0       0       0       0       000020000D0000997
     144       0   -2995       1       0                               0D0000998
     120     566       0       0       0       0    1001       000010000D0000999
     120       0       0       1       0                               0D0001000
     124     567       0       0       0       0       0       000000000D0001001
     124       0       0       1       0                               0D0001002
     110     568       0       0       0       0       0       000010000D0001003
     110       0       0       1       0                               0D0001004
     110     569       0       0       0       0       0       000010000D0001005
     110       0       0       1       0                               0D0001006
     142     570       0       0       0       0       0       000010500D0001007
     142       0       0       1       0                               0D0001008
     102     571       0       0       0       0       0       000010000D0001009
     102       0       0       1       0                               0D0001010
     110     572       0       0       0       0       0       000010000D0001011
     110       0   -2995       1       0                               0D0001012
     110     573       0       0       0       0       0       000010000D0001013
     110       0       0       2       0                               0D0001014
     110     575       0       0       0       0       0       000010000D0001015
     110       0   -2995       1       0                               0D0001016
     110     576       0       0       0       0       0       000010000D0001017
     110       0       0       1       0                               0D0001018
     102     577       0       0       0       0       0       000010000D0001019
     102       0       0       1       0                               0D0001020
     110     578       0       0       0       0       0       000010000D0001021
     110       0       0       1       0                               0D0001022
     100     579       0       0       0       0    1025       000010000D0001023
     100       0       0       1       0                               0D0001024
     124     580       0       0       0       0       0       000000000D0001025
     124       0       0       2       0                               0D0001026
     110     582       0       0       0       0       0       000010000D0001027
     110       0       0       1       0                               0D0001028
     100     583       0       0       0       0    1031       000010000D0001029
     100       0       0       1       0                               0D0001030
     124     584       0       0       0       0       0       000000000D0001031
     124       0       0       2       0                               0D0001032
     144     586       0       0       0       0       0       000020000D0001033
     144       0   -2995       1       0                               0D0001034
     120     587       0       0       0       0    1037       000010000D0001035
     120       0       0       1       0                               0D0001036
     124     588       0       0       0       0       0       000000000D0001037
     124       0       0       1       1                               0D0001038
     110     589       0       0       0       0       0       000010000D0001039
     110       0       0       1       0                               0D0001040
     110     590       0       0       0       0       0       000010000D0001041
     110       0       0       1       0                               0D0001042
     142     591       0       0       0       0       0       000010500D0001043
     142       0       0       1       0                               0D0001044
     102     592       0       0       0       0       0       000010000D0001045
     102       0       0       1       0                               0D0001046
     110     593       0       0       0       0       0       000010000D0001047
     110       0   -2995       1       0                               0D0001048
     110     594       0       0       0       0       0       000010000D0001049
     110       0       0       1       0                               0D0001050
     110     595       0       0       0       0       0       000010000D0001051
     110       0   -2995       1       0                               0D0001052
     110     596       0       0       0       0       0       000010000D0001053
     110       0       0       2       0                               0D0001054
     102     598       0       0       0       0       0       000010000D0001055
     102       0       0       1       0                               0D0001056
     110     599       0       0       0       0       0       000010000D0001057
     110       0       0       1       0                               0D0001058
     100     600       0       0       0       0    1061       000010000D0001059
     100       0       0       2       0                               0D0001060
     124     602       0       0       0       0       0       000000000D0001061
     124       0       0       2       0                               0D0001062
     110     604       0       0       0       0       0       000010000D0001063
     110       0       0       1       0                               0D0001064
     100     605       0       0       0       0    1067       000010000D0001065
     100       0       0       2       0                               0D0001066
     124     607       0       0       0       0       0       000000000D0001067
     124       0       0       2       0                               0D0001068
     144     609       0       0       0       0       0       000020000D0001069
     144       0   -2995       1       0                               0D0001070
     120     610       0       0       0       0    1073       000010000D0001071
     120       0       0       1       0                               0D0001072
     124     611       0       0       0       0       0       000000000D0001073
     124       0       0       1       1                               0D0001074
     110     612       0       0       0       0       0       000010000D0001075
     110       0       0       1       0                               0D0001076
     110     613       0       0       0       0       0       000010000D0001077
     110       0       0       1       0                               0D0001078
     142     614       0       0       0       0       0       000010500D0001079
     142       0       0       1       0                               0D0001080
     102     615       0       0       0       0       0       000010000D0001081
     102       0       0       1       0                               0D0001082
     110     616       0       0       0       0       0       000010000D0001083
     110       0   -2995       1       0                               0D0001084
     110     617       0       0       0       0       0       000010000D0001085
     110       0       0       1       0                               0D0001086
     110     618       0       0       0       0       0       000010000D0001087
     110       0   -2995       1       0                               0D0001088
     110     619       0       0       0       0       0       000010000D0001089
     110       0       0       2       0                               0D0001090
     102     621       0       0       0       0       0       000010000D0001091
     102       0       0       1       0                               0D0001092
     110     622       0       0       0       0       0       000010000D0001093
     110       0       0       1       0                               0D0001094
     100     623       0       0       0       0    1097       000010000D0001095
     100       0       0       2       0                               0D0001096
     124     625       0       0       0       0       0       000000000D0001097
     124       0       0       2       0                               0D0001098
     110     627       0       0       0       0       0       000010000D0001099
     110       0       0       1       0                               0D0001100
     100     628       0       0       0       0    1103       000010000D0001101
     100       0       0       2       0                               0D0001102
     124     630       0       0       0       0       0       000000000D0001103
     124       0       0       2       0                               0D0001104
     144     632       0       0       0       0       0       000020000D0001105
     144       0   -2995       1       0                               0D0001106
     120     633       0       0       0       0    1109       000010000D0001107
     120       0       0       1       0                               0D0001108
     124     634       0       0       0       0       0       000000000D0001109
     124       0       0       1       0                               0D0001110
     110     635       0       0       0       0       0       000010000D0001111
     110       0       0       1       0                               0D0001112
     110     636       0       0       0       0       0       000010000D0001113
     110       0       0       1       0                               0D0001114
     142     637       0       0       0       0       0       000010500D0001115
     142       0       0       1       0                               0D0001116
     102     638       0       0       0       0       0       000010000D0001117
     102       0       0       1       0                               0D0001118
     110     639       0       0       0       0       0       000010000D0001119
     110       0   -2995       1       0                               0D0001120
     110     640       0       0       0       0       0       000010000D0001121
     110       0       0       2       0                               0D0001122
     110     642       0       0       0       0       0       000010000D0001123
     110       0   -2995       1       0                               0D0001124
     110     643       0       0       0       0       0       000010000D0001125
     110       0       0       1       0                               0D0001126
     102     644       0       0       0       0       0       000010000D0001127
     102       0       0       1       0                               0D0001128
     110     645       0       0       0       0       0       000010000D0001129
     110       0       0       1       0                               0D0001130
     100     646       0       0       0       0    1133       000010000D0001131
     100       0       0       1       0                               0D0001132
     124     647       0       0       0       0       0       000000000D0001133
     124       0       0       2       0                               0D0001134
     110     649       0       0       0       0       0       000010000D0001135
     110       0       0       1       0                               0D0001136
     100     650       0       0       0       0    1139       000010000D0001137
     100       0       0       1       0                               0D0001138
     124     651       0       0       0       0       0       000000000D0001139
     124       0       0       2       0                               0D0001140
     144     653       0       0       0       0       0       000020000D0001141
     144       0   -2995       1       0                               0D0001142
     108     654       0       0       0       0       0       000010000D0001143
     108       0       0       1       0                               0D0001144
     142     655       0       0       0       0       0       000010500D0001145
     142       0       0       1       0                               0D0001146
     102     656       0       0       0       0       0       000010000D0001147
     102       0       0       2       0                               0D0001148
     110     658       0       0       0       0       0       000010000D0001149
     110       0   -2995       1       0                               0D0001150
     110     659       0       0       0       0       0       000010000D0001151
     110       0   -2995       1       0                               0D0001152
     110     660       0       0       0       0       0       000010000D0001153
     110       0   -2995       1       0                               0D0001154
     100     661       0       0       0       0    1157       000010000D0001155
     100       0   -2995       2       0                               0D0001156
     124     663       0       0       0       0       0       000000000D0001157
     124       0       0       2       0                               0D0001158
     110     665       0       0       0       0       0       000010000D0001159
     110       0   -2995       1       0                               0D0001160
     100     666       0       0       0       0    1163       000010000D0001161
     100       0   -2995       1       0                               0D0001162
     124     667       0       0       0       0       0       000000000D0001163
     124       0       0       2       0                               0D0001164
     110     669       0       0       0       0       0       000010000D0001165
     110       0   -2995       1       0                               0D0001166
     110     670       0       0       0       0       0       000010000D0001167
     110       0   -2995       1       0                               0D0001168
     110     671       0       0       0       0       0       000010000D0001169
     110       0   -2995       1       0                               0D0001170
     100     672       0       0       0       0    1173       000010000D0001171
     100       0   -2995       2       0                               0D0001172
     124     674       0       0       0       0       0       000000000D0001173
     124       0       0       2       0                               0D0001174
     110     676       0       0       0       0       0       000010000D0001175
     110       0   -2995       1       0                               0D0001176
     100     677       0       0       0       0    1179       000010000D0001177
     100       0   -2995       1       0                               0D0001178
     124     678       0       0       0       0       0       000000000D0001179
     124       0       0       2       0                               0D0001180
     144     680       0       0       0       0       0       000020000D0001181
     144       0   -2995       1       0                               0D0001182
     108     681       0       0       0       0       0       000010000D0001183
     108       0       0       1       0                               0D0001184
     142     682       0       0       0       0       0       000010500D0001185
     142       0       0       1       0                               0D0001186
     102     683       0       0       0       0       0       000010000D0001187
     102       0       0       2       0                               0D0001188
     110     685       0       0       0       0       0       000010000D0001189
     110       0   -2995       1       0                               0D0001190
     110     686       0       0       0       0       0       000010000D0001191
     110       0   -2995       1       0                               0D0001192
     110     687       0       0       0       0       0       000010000D0001193
     110       0   -2995       1       0                               0D0001194
     100     688       0       0       0       0    1197       000010000D0001195
     100       0   -2995       1       0                               0D0001196
     124     689       0       0       0       0       0       000000000D0001197
     124       0       0       2       0                               0D0001198
     110     691       0       0       0       0       0       000010000D0001199
     110       0   -2995       1       0                               0D0001200
     100     692       0       0       0       0    1203       000010000D0001201
     100       0   -2995       2       0                               0D0001202
     124     694       0       0       0       0       0       000000000D0001203
     124       0       0       2       0                               0D0001204
     110     696       0       0       0       0       0       000010000D0001205
     110       0   -2995       1       0                               0D0001206
     110     697       0       0       0       0       0       000010000D0001207
     110       0   -2995       1       0                               0D0001208
     110     698       0       0       0       0       0       000010000D0001209
     110       0   -2995       1       0                               0D0001210
     100     699       0       0       0       0    1213       000010000D0001211
     100       0   -2995       1       0                               0D0001212
     124     700       0       0       0       0       0       000000000D0001213
     124       0       0       2       0                               0D0001214
     110     702       0       0       0       0       0       000010000D0001215
     110       0   -2995       1       0                               0D0001216
     100     703       0       0       0       0    1219       000010000D0001217
     100       0   -2995       2       0                               0D0001218
     124     705       0       0       0       0       0       000000000D0001219
     124       0       0       2       0                               0D0001220
     402     707       0       0       0       0       0       000020000D0001221
     402       0       0       2       1                               0D0001222
     144     709       0       0       0       0       0       000020000D0001223
     144       0   -2995       1       0                               0D0001224
     108     710       0       0       0       0       0       000010000D0001225
     108       0       0       1       0                               0D0001226
     142     711       0       0       0       0       0       000010500D0001227
     142       0       0       1       0                               0D0001228
     102     712       0       0       0       0       0       000010000D0001229
     102       0       0       1       0                               0D0001230
     110     713       0       0       0       0       0       000010000D0001231
     110       0       0       1       0                               0D0001232
     110     714       0       0       0       0       0       000010000D0001233
     110       0       0       1       0                               0D0001234
     110     715       0       0       0       0       0       000010000D0001235
     110       0       0       1       0                               0D0001236
     110     716       0       0       0       0       0       000010000D0001237
     110       0       0       1       0                               0D0001238
     144     717       0       0       0       0       0       000020000D0001239
     144       0   -2995       1       0                               0D0001240
     108     718       0       0       0       0       0       000010000D0001241
     108       0       0       1       0                               0D0001242
     142     719       0       0       0       0       0       000010500D0001243
     142       0       0       1       0                               0D0001244
     102     720       0       0       0       0       0       000010000D0001245
     102       0       0       1       0                               0D0001246
     110     721       0       0       0       0       0       000010000D0001247
     110       0   -2995       1       0                               0D0001248
     110     722       0       0       0       0       0       000010000D0001249
     110       0       0       1       0                               0D0001250
     110     723       0       0       0       0       0       000010000D0001251
     110       0       0       1       0                               0D0001252
     110     724       0       0       0       0       0       000010000D0001253
     110       0       0       1       0                               0D0001254
     144     725       0       0       0       0       0       000020000D0001255
     144       0   -2995       1       0                               0D0001256
     108     726       0       0       0       0       0       000010000D0001257
     108       0       0       1       0                               0D0001258
     142     727       0       0       0       0       0       000010500D0001259
     142       0       0       1       0                               0D0001260
     102     728       0       0       0       0       0       000010000D0001261
     102       0       0       1       0                               0D0001262
     110     729       0       0       0       0       0       000010000D0001263
     110       0   -2995       1       0                               0D0001264
     110     730       0       0       0       0       0       000010000D0001265
     110       0       0       1       0                               0D0001266
     110     731       0       0       0       0       0       000010000D0001267
     110       0       0       1       0                               0D0001268
     110     732       0       0       0       0       0       000010000D0001269
     110       0       0       1       0                               0D0001270
     144     733       0       0       0       0       0       000020000D0001271
     144       0   -2995       1       0                               0D0001272
     108     734       0       0       0       0       0       000010000D0001273
     108       0       0       2       0                               0D0001274
     142     736       0       0       0       0       0       000010500D0001275
     142       0       0       1       0                               0D0001276
     102     737       0       0       0       0       0       000010000D0001277
     102       0       0       1       0                               0D0001278
     110     738       0       0       0       0       0       000010000D0001279
     110       0       0       1       0                               0D0001280
     110     739       0       0       0       0       0       000010000D0001281
     110       0       0       1       0                               0D0001282
     110     740       0       0       0       0       0       000010000D0001283
     110       0       0       1       0                               0D0001284
     110     741       0       0       0       0       0       000010000D0001285
     110       0       0       1       0                               0D0001286
     144     742       0       0       0       0       0       000020000D0001287
     144       0   -2995       1       0                               0D0001288
     108     743       0       0       0       0       0       000010000D0001289
     108       0       0       2       0                               0D0001290
     142     745       0       0       0       0       0       000010500D0001291
     142       0       0       1       0                               0D0001292
     102     746       0       0       0       0       0       000010000D0001293
     102       0       0       1       0                               0D0001294
     110     747       0       0       0       0       0       000010000D0001295
     110       0       0       1       0                               0D0001296
     110     748       0       0       0       0       0       000010000D0001297
     110       0       0       1       0                               0D0001298
     110     749       0       0       0       0       0       000010000D0001299
     110       0       0       1       0                               0D0001300
     110     750       0       0       0       0       0       000010000D0001301
     110       0       0       1       0                               0D0001302
     144     751       0       0       0       0       0       000020000D0001303
     144       0   -2995       1       0                               0D0001304
     108     752       0       0       0       0       0       000010000D0001305
     108       0       0       1       0                               0D0001306
     142     753       0       0       0       0       0       000010500D0001307
     142       0       0       1       0                               0D0001308
     102     754       0       0       0       0       0       000010000D0001309
     102       0       0       1       0                               0D0001310
     110     755       0       0       0       0       0       000010000D0001311
     110       0       0       1       0                               0D0001312
     110     756       0       0       0       0       0       000010000D0001313
     110       0       0       1       0                               0D0001314
     110     757       0       0       0       0       0       000010000D0001315
     110       0       0       1       0                               0D0001316
     110     758       0       0       0       0       0       000010000D0001317
     110       0       0       1       0                               0D0001318
     144     759       0       0       0       0       0       000020000D0001319
     144       0   -2995       1       0                               0D0001320
     108     760       0       0       0       0       0       000010000D0001321
     108       0       0       1       0                               0D0001322
     142     761       0       0       0       0       0       000010500D0001323
     142       0       0       1       0                               0D0001324
     102     762       0       0       0       0       0       000010000D0001325
     102       0       0       1       0                               0D0001326
     110     763       0       0       0       0       0       000010000D0001327
     110       0       0       1       0                               0D0001328
     110     764       0       0       0       0       0       000010000D0001329
     110       0       0       1       0                               0D0001330
     110     765       0       0       0       0       0       000010000D0001331
     110       0       0       1       0                               0D0001332
     110     766       0       0       0       0       0       000010000D0001333
     110       0       0       1       0                               0D0001334
     144     767       0       0       0       0       0       000020000D0001335
     144       0   -2995       1       0                               0D0001336
     108     768       0       0       0       0       0       000010000D0001337
     108       0       0       1       0                               0D0001338
     142     769       0       0       0       0       0       000010500D0001339
     142       0       0       1       0                               0D0001340
     102     770       0       0       0       0       0       000010000D0001341
     102       0       0       1       0                               0D0001342
     110     771       0       0       0       0       0       000010000D0001343
     110       0   -2995       1       0                               0D0001344
     110     772       0       0       0       0       0       000010000D0001345
     110       0       0       1       0                               0D0001346
     110     773       0       0       0       0       0       000010000D0001347
     110       0   -2995       1       0                               0D0001348
     110     774       0       0       0       0       0       000010000D0001349
     110       0       0       1       0                               0D0001350
     144     775       0       0       0       0       0       000020000D0001351
     144       0   -2995       1       0                               0D0001352
     120     776       0       0       0       0    1355       000010000D0001353
     120       0       0       1       0                               0D0001354
     124     777       0       0       0       0       0       000000000D0001355
     124       0       0       1       0                               0D0001356
     110     778       0       0       0       0       0       000010000D0001357
     110       0       0       1       0                               0D0001358
     110     779       0       0       0       0       0       000010000D0001359
     110       0       0       1       0                               0D0001360
     142     780       0       0       0       0       0       000010500D0001361
     142       0       0       1       0                               0D0001362
     102     781       0       0       0       0       0       000010000D0001363
     102       0       0       1       0                               0D0001364
     110     782       0       0       0       0       0       000010000D0001365
     110       0   -2995       1       0                               0D0001366
     110     783       0       0       0       0       0       000010000D0001367
     110       0       0       2       0                               0D0001368
     110     785       0       0       0       0       0       000010000D0001369
     110       0   -2995       1       0                               0D0001370
     110     786       0       0       0       0       0       000010000D0001371
     110       0       0       1       0                               0D0001372
     102     787       0       0       0       0       0       000010000D0001373
     102       0       0       1       0                               0D0001374
     110     788       0       0       0       0       0       000010000D0001375
     110       0       0       1       0                               0D0001376
     100     789       0       0       0       0    1379       000010000D0001377
     100       0       0       1       0                               0D0001378
     124     790       0       0       0       0       0       000000000D0001379
     124       0       0       2       0                               0D0001380
     110     792       0       0       0       0       0       000010000D0001381
     110       0       0       1       0                               0D0001382
     100     793       0       0       0       0    1385       000010000D0001383
     100       0       0       1       0                               0D0001384
     124     794       0       0       0       0       0       000000000D0001385
     124       0       0       2       0                               0D0001386
     144     796       0       0       0       0       0       000020000D0001387
     144       0   -2995       1       0                               0D0001388
     120     797       0       0       0       0    1391       000010000D0001389
     120       0       0       1       0                               0D0001390
     124     798       0       0       0       0       0       000000000D0001391
     124       0       0       1       1                               0D0001392
     110     799       0       0       0       0       0       000010000D0001393
     110       0       0       1       0                               0D0001394
     110     800       0       0       0       0       0       000010000D0001395
     110       0       0       1       0                               0D0001396
     142     801       0       0       0       0       0       000010500D0001397
     142       0       0       1       0                               0D0001398
     102     802       0       0       0       0       0       000010000D0001399
     102       0       0       1       0                               0D0001400
     110     803       0       0       0       0       0       000010000D0001401
     110       0   -2995       1       0                               0D0001402
     110     804       0       0       0       0       0       000010000D0001403
     110       0       0       1       0                               0D0001404
     110     805       0       0       0       0       0       000010000D0001405
     110       0   -2995       1       0                               0D0001406
     110     806       0       0       0       0       0       000010000D0001407
     110       0       0       2       0                               0D0001408
     102     808       0       0       0       0       0       000010000D0001409
     102       0       0       1       0                               0D0001410
     110     809       0       0       0       0       0       000010000D0001411
     110       0       0       1       0                               0D0001412
     100     810       0       0       0       0    1415       000010000D0001413
     100       0       0       2       0                               0D0001414
     124     812       0       0       0       0       0       000000000D0001415
     124       0       0       2       0                               0D0001416
     110     814       0       0       0       0       0       000010000D0001417
     110       0       0       1       0                               0D0001418
     100     815       0       0       0       0    1421       000010000D0001419
     100       0       0       2       0                               0D0001420
     124     817       0       0       0       0       0       000000000D0001421
     124       0       0       2       0                               0D0001422
     144     819       0       0       0       0       0       000020000D0001423
     144       0   -2995       1       0                               0D0001424
     120     820       0       0       0       0    1427       000010000D0001425
     120       0       0       1       0                               0D0001426
     124     821       0       0       0       0       0       000000000D0001427
     124       0       0       1       1                               0D0001428
     110     822       0       0       0       0       0       000010000D0001429
     110       0       0       1       0                               0D0001430
     110     823       0       0       0       0       0       000010000D0001431
     110       0       0       1       0                               0D0001432
     142     824       0       0       0       0       0       000010500D0001433
     142       0       0       1       0                               0D0001434
     102     825       0       0       0       0       0       000010000D0001435
     102       0       0       1       0                               0D0001436
     110     826       0       0       0       0       0       000010000D0001437
     110       0   -2995       1       0                               0D0001438
     110     827       0       0       0       0       0       000010000D0001439
     110       0       0       1       0                               0D0001440
     110     828       0       0       0       0       0       000010000D0001441
     110       0   -2995       1       0                               0D0001442
     110     829       0       0       0       0       0       000010000D0001443
     110       0       0       2       0                               0D0001444
     102     831       0       0       0       0       0       000010000D0001445
     102       0       0       1       0                               0D0001446
     110     832       0       0       0       0       0       000010000D0001447
     110       0       0       1       0                               0D0001448
     100     833       0       0       0       0    1451       000010000D0001449
     100       0       0       2       0                               0D0001450
     124     835       0       0       0       0       0       000000000D0001451
     124       0       0       2       0                               0D0001452
     110     837       0       0       0       0       0       000010000D0001453
     110       0       0       1       0                               0D0001454
     100     838       0       0       0       0    1457       000010000D0001455
     100       0       0       2       0                               0D0001456
     124     840       0       0       0       0       0       000000000D0001457
     124       0       0       2       0                               0D0001458
     144     842       0       0       0       0       0       000020000D0001459
     144       0   -2995       1       0                               0D0001460
     120     843       0       0       0       0    1463       000010000D0001461
     120       0       0       1       0                               0D0001462
     124     844       0       0       0       0       0       000000000D0001463
     124       0       0       1       0                               0D0001464
     110     845       0       0       0       0       0       000010000D0001465
     110       0       0       1       0                               0D0001466
     110     846       0       0       0       0       0       000010000D0001467
     110       0       0       1       0                               0D0001468
     142     847       0       0       0       0       0       000010500D0001469
     142       0       0       1       0                               0D0001470
     102     848       0       0       0       0       0       000010000D0001471
     102       0       0       1       0                               0D0001472
     110     849       0       0       0       0       0       000010000D0001473
     110       0   -2995       1       0                               0D0001474
     110     850       0       0       0       0       0       000010000D0001475
     110       0       0       2       0                               0D0001476
     110     852       0       0       0       0       0       000010000D0001477
     110       0   -2995       1       0                               0D0001478
     110     853       0       0       0       0       0       000010000D0001479
     110       0       0       1       0                               0D0001480
     102     854       0       0       0       0       0       000010000D0001481
     102       0       0       1       0                               0D0001482
     110     855       0       0       0       0       0       000010000D0001483
     110       0       0       1       0                               0D0001484
     100     856       0       0       0       0    1487       000010000D0001485
     100       0       0       1       0                               0D0001486
     124     857       0       0       0       0       0       000000000D0001487
     124       0       0       2       0                               0D0001488
     110     859       0       0       0       0       0       000010000D0001489
     110       0       0       1       0                               0D0001490
     100     860       0       0       0       0    1493       000010000D0001491
     100       0       0       1       0                               0D0001492
     124     861       0       0       0       0       0       000000000D0001493
     124       0       0       2       0                               0D0001494
     144     863       0       0       0       0       0       000020000D0001495
     144       0   -2995       1       0                               0D0001496
     108     864       0       0       0       0       0       000010000D0001497
     108       0       0       1       0                               0D0001498
     142     865       0       0       0       0       0       000010500D0001499
     142       0       0       1       0                               0D0001500
     102     866       0       0       0       0       0       000010000D0001501
     102       0       0       2       0                               0D0001502
     110     868       0       0       0       0       0       000010000D0001503
     110       0   -2995       1       0                               0D0001504
     110     869       0       0       0       0       0       000010000D0001505
     110       0   -2995       1       0                               0D0001506
     110     870       0       0       0       0       0       000010000D0001507
     110       0   -2995       1       0                               0D0001508
     100     871       0       0       0       0    1511       000010000D0001509
     100       0   -2995       2       0                               0D0001510
     124     873       0       0       0       0       0       000000000D0001511
     124       0       0       2       0                               0D0001512
     110     875       0       0       0       0       0       000010000D0001513
     110       0   -2995       1       0                               0D0001514
     100     876       0       0       0       0    1517       000010000D0001515
     100       0   -2995       1       0                               0D0001516
     124     877       0       0       0       0       0       000000000D0001517
     124       0       0       2       0                               0D0001518
     110     879       0       0       0       0       0       000010000D0001519
     110       0   -2995       1       0                               0D0001520
     110     880       0       0       0       0       0       000010000D0001521
     110       0   -2995       1       0                               0D0001522
     110     881       0       0       0       0       0       000010000D0001523
     110       0   -2995       1       0                               0D0001524
     100     882       0       0       0       0    1527       000010000D0001525
     100       0   -2995       2       0                               0D0001526
     124     884       0       0       0       0       0       000000000D0001527
     124       0       0       2       0                               0D0001528
     110     886       0       0       0       0       0       000010000D0001529
     110       0   -2995       1       0                               0D0001530
     100     887       0       0       0       0    1533       000010000D0001531
     100       0   -2995       1       0                               0D0001532
     124     888       0       0       0       0       0       000000000D0001533
     124       0       0       2       0                               0D0001534
     144     890       0       0       0       0       0       000020000D0001535
     144       0   -2995       1       0                               0D0001536
     108     891       0       0       0       0       0       000010000D0001537
     108       0       0       1       0                               0D0001538
     142     892       0       0       0       0       0       000010500D0001539
     142       0       0       1       0                               0D0001540
     102     893       0       0       0       0       0       000010000D0001541
     102       0       0       2       0                               0D0001542
     110     895       0       0       0       0       0       000010000D0001543
     110       0   -2995       1       0                               0D0001544
     110     896       0       0       0       0       0       000010000D0001545
     110       0   -2995       1       0                               0D0001546
     110     897       0       0       0       0       0       000010000D0001547
     110       0   -2995       1       0                               0D0001548
     100     898       0       0       0       0    1551       000010000D0001549
     100       0   -2995       1       0                               0D0001550
     124     899       0       0       0       0       0       000000000D0001551
     124       0       0       2       0                               0D0001552
     110     901       0       0       0       0       0       000010000D0001553
     110       0   -2995       1       0                               0D0001554
     100     902       0       0       0       0    1557       000010000D0001555
     100       0   -2995       2       0                               0D0001556
     124     904       0       0       0       0       0       000000000D0001557
     124       0       0       2       0                               0D0001558
     110     906       0       0       0       0       0       000010000D0001559
     110       0   -2995       1       0                               0D0001560
     110     907       0       0       0       0       0       000010000D0001561
     110       0   -2995       1       0                               0D0001562
     110     908       0       0       0       0       0       000010000D0001563
     110       0   -2995       1       0                               0D0001564
     100     909       0       0       0       0    1567       000010000D0001565
     100       0   -2995       1       0                               0D0001566
     124     910       0       0       0       0       0       000000000D0001567
     124       0       0       2       0                               0D0001568
     110     912       0       0       0       0       0       000010000D0001569
     110       0   -2995       1       0                               0D0001570
     100     913       0       0       0       0    1573       000010000D0001571
     100       0   -2995       2       0                               0D0001572
     124     915       0       0       0       0       0       000000000D0001573
     124       0       0       2       0                               0D0001574
     402     917       0       0       0       0       0       000020000D0001575
     402       0       0       2       1                               0D0001576
     144     919       0       0       0       0       0       000020000D0001577
     144       0   -2995       1       0                               0D0001578
     108     920       0       0       0       0       0       000010000D0001579
     108       0       0       1       0                               0D0001580
     142     921       0       0       0       0       0       000010500D0001581
     142       0       0       1       0                               0D0001582
     102     922       0       0       0       0       0       000010000D0001583
     102       0       0       1       0                               0D0001584
     110     923       0       0       0       0       0       000010000D0001585
     110       0       0       1       0                               0D0001586
     110     924       0       0       0       0       0       000010000D0001587
     110       0       0       1       0                               0D0001588
     110     925       0       0       0       0       0       000010000D0001589
     110       0       0       1       0                               0D0001590
     110     926       0       0       0       0       0       000010000D0001591
     110       0       0       1       0                               0D0001592
     144     927       0       0       0       0       0       000020000D0001593
     144       0   -2995       1       0                               0D0001594
     108     928       0       0       0       0       0       000010000D0001595
     108       0       0       1       0                               0D0001596
     142     929       0       0       0       0       0       000010500D0001597
     142       0       0       1       0                               0D0001598
     102     930       0       0       0       0       0       000010000D0001599
     102       0       0       1       0                               0D0001600
     110     931       0       0       0       0       0       000010000D0001601
     110       0   -2995       1       0                               0D0001602
     110     932       0       0       0       0       0       000010000D0001603
     110       0       0       1       0                               0D0001604
     110     933       0       0       0       0       0       000010000D0001605
     110       0       0       1       0                               0D0001606
     110     934       0       0       0       0       0       000010000D0001607
     110       0       0       1       0                               0D0001608
     144     935       0       0       0       0       0       000020000D0001609
     144       0   -2995       1       0                               0D0001610
     108     936       0       0       0       0       0       000010000D0001611
     108       0       0       1       0                               0D0001612
     142     937       0       0       0       0       0       000010500D0001613
     142       0       0       1       0                               0D0001614
     102     938       0       0       0       0       0       000010000D0001615
     102       0       0       1       0                               0D0001616
     110     939       0       0       0       0       0       000010000D0001617
     110       0   -2995       1       0                               0D0001618
     110     940       0       0       0       0       0       000010000D0001619
     110       0       0       1       0                               0D0001620
     110     941       0       0       0       0       0       000010000D0001621
     110       0       0       1       0                               0D0001622
     110     942       0       0       0       0       0       000010000D0001623
     110       0       0       1       0                               0D0001624
     144     943       0       0       0       0       0       000020000D0001625
     144       0   -2995       1       0                               0D0001626
     108     944       0       0       0       0       0       000010000D0001627
     108       0       0       2       0                               0D0001628
     142     946       0       0       0       0       0       000010500D0001629
     142       0       0       1       0                               0D0001630
     102     947       0       0       0       0       0       000010000D0001631
     102       0       0       1       0                               0D0001632
     110     948       0       0       0       0       0       000010000D0001633
     110       0       0       1       0                               0D0001634
     110     949       0       0       0       0       0       000010000D0001635
     110       0       0       1       0                               0D0001636
     110     950       0       0       0       0       0       000010000D0001637
     110       0       0       1       0                               0D0001638
     110     951       0       0       0       0       0       000010000D0001639
     110       0       0       1       0                               0D0001640
     144     952       0       0       0       0       0       000020000D0001641
     144       0   -2995       1       0                               0D0001642
     108     953       0       0       0       0       0       000010000D0001643
     108       0       0       2       0                               0D0001644
     142     955       0       0       0       0       0       000010500D0001645
     142       0       0       1       0                               0D0001646
     102     956       0       0       0       0       0       000010000D0001647
     102       0       0       1       0                               0D0001648
     110     957       0       0       0       0       0       000010000D0001649
     110       0       0       1       0                               0D0001650
     110     958       0       0       0       0       0       000010000D0001651
     110       0       0       1       0                               0D0001652
     110     959       0       0       0       0       0       000010000D0001653
     110       0       0       1       0                               0D0001654
     110     960       0       0       0       0       0       000010000D0001655
     110       0       0       1       0                               0D0001656
     144     961       0       0       0       0       0       000020000D0001657
     144       0   -2995       1       0                               0D0001658
     108     962       0       0       0       0       0       000010000D0001659
     108       0       0       1       0                               0D0001660
     142     963       0       0       0       0       0       000010500D0001661
     142       0       0       1       0                               0D0001662
     102     964       0       0       0       0       0       000010000D0001663
     102       0       0       1       0                               0D0001664
     110     965       0       0       0       0       0       000010000D0001665
     110       0       0       1       0                               0D0001666
     110     966       0       0       0       0       0       000010000D0001667
     110       0       0       1       0                               0D0001668
     110     967       0       0       0       0       0       000010000D0001669
     110       0       0       1       0                               0D0001670
     110     968       0       0       0       0       0       000010000D0001671
     110       0       0       1       0                               0D0001672
     144     969       0       0       0       0       0       000020000D0001673
     144       0   -2995       1       0                               0D0001674
     108     970       0       0       0       0       0       000010000D0001675
     108       0       0       1       0                               0D0001676
     142     971       0       0       0       0       0       000010500D0001677
     142       0       0       1       0                               0D0001678
     102     972       0       0       0       0       0       000010000D0001679
     102       0       0       1       0                               0D0001680
     110     973       0       0       0       0       0       000010000D0001681
     110       0       0       1       0                               0D0001682
     110     974       0       0       0       0       0       000010000D0001683
     110       0       0       1       0                               0D0001684
     110     975       0       0       0       0       0       000010000D0001685
     110       0       0       1       0                               0D0001686
     110     976       0       0       0       0       0       000010000D0001687
     110       0       0       1       0                               0D0001688
     144     977       0       0       0       0       0       000020000D0001689
     144       0   -2995       1       0                               0D0001690
     108     978       0       0       0       0       0       000010000D0001691
     108       0       0       1       0                               0D0001692
     142     979       0       0       0       0       0       000010500D0001693
     142       0       0       1       0                               0D0001694
     102     980       0       0       0       0       0       000010000D0001695
     102       0       0       1       0                               0D0001696
     110     981       0       0       0       0       0       000010000D0001697
     110       0   -2995       1       0                               0D0001698
     110     982       0       0       0       0       0       000010000D0001699
     110       0       0       1       0                               0D0001700
     110     983       0       0       0       0       0       000010000D0001701
     110       0   -2995       1       0                               0D0001702
     110     984       0       0       0       0       0       000010000D0001703
     110       0       0       1       0                               0D0001704
     144     985       0       0       0       0       0       000020000D0001705
     144       0   -2995       1       0                               0D0001706
     120     986       0       0       0       0    1709       000010000D0001707
     120       0       0       1       0                               0D0001708
     124     987       0       0       0       0       0       000000000D0001709
     124       0       0       1       0                               0D0001710
     110     988       0       0       0       0       0       000010000D0001711
     110       0       0       1       0                               0D0001712
     110     989       0       0       0       0       0       000010000D0001713
     110       0       0       1       0                               0D0001714
     142     990       0       0       0       0       0       000010500D0001715
     142       0       0       1       0                               0D0001716
     102     991       0       0       0       0       0       000010000D0001717
     102       0       0       1       0                               0D0001718
     110     992       0       0       0       0       0       000010000D0001719
     110       0   -2995       1       0                               0D0001720
     110     993       0       0       0       0       0       000010000D0001721
     110       0       0       2       0                               0D0001722
     110     995       0       0       0       0       0       000010000D0001723
     110       0   -2995       1       0                               0D0001724
     110     996       0       0       0       0       0       000010000D0001725
     110       0       0       1       0                               0D0001726
     102     997       0       0       0       0       0       000010000D0001727
     102       0       0       1       0                               0D0001728
     110     998       0       0       0       0       0       000010000D0001729
     110       0       0       1       0                               0D0001730
     100     999       0       0       0       0    1733       000010000D0001731
     100       0       0       1       0                               0D0001732
     124    1000       0       0       0       0       0       000000000D0001733
     124       0       0       2       0                               0D0001734
     110    1002       0       0       0       0       0       000010000D0001735
     110       0       0       1       0                               0D0001736
     100    1003       0       0       0       0    1739       000010000D0001737
     100       0       0       1       0                               0D0001738
     124    1004       0       0       0       0       0       000000000D0001739
     124       0       0       2       0                               0D0001740
     144    1006       0       0       0       0       0       000020000D0001741
     144       0   -2995       1       0                               0D0001742
     120    1007       0       0       0       0    1745       000010000D0001743
     120       0       0       1       0                               0D0001744
     124    1008       0       0       0       0       0       000000000D0001745
     124       0       0       1       1                               0D0001746
     110    1009       0       0       0       0       0       000010000D0001747
     110       0       0       1       0                               0D0001748
     110    1010       0       0       0       0       0       000010000D0001749
     110       0       0       1       0                               0D0001750
     142    1011       0       0       0       0       0       000010500D0001751
     142       0       0       1       0                               0D0001752
     102    1012       0       0       0       0       0       000010000D0001753
     102       0       0       1       0                               0D0001754
     110    1013       0       0       0       0       0       000010000D0001755
     110       0   -2995       1       0                               0D0001756
     110    1014       0       0       0       0       0       000010000D0001757
     110       0       0       1       0                               0D0001758
     110    1015       0       0       0       0       0       000010000D0001759
     110       0   -2995       1       0                               0D0001760
     110    1016       0       0       0       0       0       000010000D0001761
     110       0       0       2       0                               0D0001762
     102    1018       0       0       0       0       0       000010000D0001763
     102       0       0       1       0                               0D0001764
     110    1019       0       0       0       0       0       000010000D0001765
     110       0       0       1       0                               0D0001766
     100    1020       0       0       0       0    1769       000010000D0001767
     100       0       0       2       0                               0D0001768
     124    1022       0       0       0       0       0       000000000D0001769
     124       0       0       2       0                               0D0001770
     110    1024       0       0       0       0       0       000010000D0001771
     110       0       0       1       0                               0D0001772
     100    1025       0       0       0       0    1775       000010000D0001773
     100       0       0       2       0                               0D0001774
     124    1027       0       0       0       0       0       000000000D0001775
     124       0       0       2       0                               0D0001776
     144    1029       0       0       0       0       0       000020000D0001777
     144       0   -2995       1       0                               0D0001778
     120    1030       0       0       0       0    1781       000010000D0001779
     120       0       0       1       0                               0D0001780
     124    1031       0       0       0       0       0       000000000D0001781
     124       0       0       1       1                               0D0001782
     110    1032       0       0       0       0       0       000010000D0001783
     110       0       0       1       0                               0D0001784
     110    1033       0       0       0       0       0       000010000D0001785
     110       0       0       1       0                               0D0001786
     142    1034       0       0       0       0       0       000010500D0001787
     142       0       0       1       0                               0D0001788
     102    1035       0       0       0       0       0       000010000D0001789
     102       0       0       1       0                               0D0001790
     110    1036       0       0       0       0       0       000010000D0001791
     110       0   -2995       1       0                               0D0001792
     110    1037       0       0       0       0       0       000010000D0001793
     110       0       0       1       0                               0D0001794
     110    1038       0       0       0       0       0       000010000D0001795
     110       0   -2995       1       0                               0D0001796
     110    1039       0       0       0       0       0       000010000D0001797
     110       0       0       2       0                               0D0001798
     102    1041       0       0       0       0       0       000010000D0001799
     102       0       0       1       0                               0D0001800
     110    1042       0       0       0       0       0       000010000D0001801
     110       0       0       1       0                               0D0001802
     100    1043       0       0       0       0    1805       000010000D0001803
     100       0       0       2       0                               0D0001804
     124    1045       0       0       0       0       0       000000000D0001805
     124       0       0       2       0                               0D0001806
     110    1047       0       0       0       0       0       000010000D0001807
     110       0       0       1       0                               0D0001808
     100    1048       0       0       0       0    1811       000010000D0001809
     100       0       0       2       0                               0D0001810
     124    1050       0       0       0       0       0       000000000D0001811
     124       0       0       2       0                               0D0001812
     144    1052       0       0       0       0       0       000020000D0001813
     144       0   -2995       1       0                               0D0001814
     120    1053       0       0       0       0    1817       000010000D0001815
     120       0       0       1       0                               0D0001816
     124    1054       0       0       0       0       0       000000000D0001817
     124       0       0       1       0                               0D0001818
     110    1055       0       0       0       0       0       000010000D0001819
     110       0       0       1       0                               0D0001820
     110    1056       0       0       0       0       0       000010000D0001821
     110       0       0       1       0                               0D0001822
     142    1057       0       0       0       0       0       000010500D0001823
     142       0       0       1       0                               0D0001824
     102    1058       0       0       0       0       0       000010000D0001825
     102       0       0       1       0                               0D0001826
     110    1059       0       0       0       0       0       000010000D0001827
     110       0   -2995       1       0                               0D0001828
     110    1060       0       0       0       0       0       000010000D0001829
     110       0       0       2       0                               0D0001830
     110    1062       0       0       0       0       0       000010000D0001831
     110       0   -2995       1       0                               0D0001832
     110    1063       0       0       0       0       0       000010000D0001833
     110       0       0       1       0                               0D0001834
     102    1064       0       0       0       0       0       000010000D0001835
     102       0       0       1       0                               0D0001836
     110    1065       0       0       0       0       0       000010000D0001837
     110       0       0       1       0                               0D0001838
     100    1066       0       0       0       0    1841       000010000D0001839
     100       0       0       1       0                               0D0001840
     124    1067       0       0       0       0       0       000000000D0001841
     124       0       0       2       0                               0D0001842
     110    1069       0       0       0       0       0       000010000D0001843
     110       0       0       1       0                               0D0001844
     100    1070       0       0       0       0    1847       000010000D0001845
     100       0       0       1       0                               0D0001846
     124    1071       0       0       0       0       0       000000000D0001847
     124       0       0       2       0                               0D0001848
     144    1073       0       0       0       0       0       000020000D0001849
     144       0   -2995       1       0                               0D0001850
     108    1074       0       0       0       0       0       000010000D0001851
     108       0       0       1       0                               0D0001852
     142    1075       0       0       0       0       0       000010500D0001853
     142       0       0       1       0                               0D0001854
     102    1076       0       0       0       0       0       000010000D0001855
     102       0       0       2       0                               0D0001856
     110    1078       0       0       0       0       0       000010000D0001857
     110       0   -2995       1       0                               0D0001858
     110    1079       0       0       0       0       0       000010000D0001859
     110       0   -2995       1       0                               0D0001860
     110    1080       0       0       0       0       0       000010000D0001861
     110       0   -2995       1       0                               0D0001862
     100    1081       0       0       0       0    1865       000010000D0001863
     100       0   -2995       2       0                               0D0001864
     124    1083       0       0       0       0       0       000000000D0001865
     124       0       0       2       0                               0D0001866
     110    1085       0       0       0       0       0       000010000D0001867
     110       0   -2995       1       0                               0D0001868
     100    1086       0       0       0       0    1871       000010000D0001869
     100       0   -2995       1       0                               0D0001870
     124    1087       0       0       0       0       0       000000000D0001871
     124       0       0       2       0                               0D0001872
     110    1089       0       0       0       0       0       000010000D0001873
     110       0   -2995       1       0                               0D0001874
     110    1090       0       0       0       0       0       000010000D0001875
     110       0   -2995       1       0                               0D0001876
     110    1091       0       0       0       0       0       000010000D0001877
     110       0   -2995       1       0                               0D0001878
     100    1092       0       0       0       0    1881       000010000D0001879
     100       0   -2995       2       0                               0D0001880
     124    1094       0       0       0       0       0       000000000D0001881
     124       0       0       2       0                               0D0001882
     110    1096       0       0       0       0       0       000010000D0001883
     110       0   -2995       1       0                               0D0001884
     100    1097       0       0       0       0    1887       000010000D0001885
     100       0   -2995       1       0                               0D0001886
     124    1098       0       0       0       0       0       000000000D0001887
     124       0       0       2       0                               0D0001888
     144    1100       0       0       0       0       0       000020000D0001889
     144       0   -2995       1       0                               0D0001890
     108    1101       0       0       0       0       0       000010000D0001891
     108       0       0       1       0                               0D0001892
     142    1102       0       0       0       0       0       000010500D0001893
     142       0       0       1       0                               0D0001894
     102    1103       0       0       0       0       0       000010000D0001895
     102       0       0       2       0                               0D0001896
     110    1105       0       0       0       0       0       000010000D0001897
     110       0   -2995       1       0                               0D0001898
     110    1106       0       0       0       0       0       000010000D0001899
     110       0   -2995       1       0                               0D0001900
     110    1107       0       0       0       0       0       000010000D0001901
     110       0   -2995       1       0                               0D0001902
     100    1108       0       0       0       0    1905       000010000D0001903
     100       0   -2995       1       0                               0D0001904
     124    1109       0       0       0       0       0       000000000D0001905
     124       0       0       2       0                               0D0001906
     110    1111       0       0       0       0       0       000010000D0001907
     110       0   -2995       1       0                               0D0001908
     100    1112       0       0       0       0    1911       000010000D0001909
     100       0   -2995       2       0                               0D0001910
     124    1114       0       0       0       0       0       000000000D0001911
     124       0       0       2       0                               0D0001912
     110    1116       0       0       0       0       0       000010000D0001913
     110       0   -2995       1       0                               0D0001914
     110    1117       0       0       0       0       0       000010000D0001915
     110       0   -2995       1       0                               0D0001916
     110    1118       0       0       0       0       0       000010000D0001917
     110       0   -2995       1       0                               0D0001918
     100    1119       0       0       0       0    1921       000010000D0001919
     100       0   -2995       1       0                               0D0001920
     124    1120       0       0       0       0       0       000000000D0001921
     124       0       0       2       0                               0D0001922
     110    1122       0       0       0       0       0       000010000D0001923
     110       0   -2995       1       0                               0D0001924
     100    1123       0       0       0       0    1927       000010000D0001925
     100       0   -2995       2       0                               0D0001926
     124    1125       0       0       0       0       0       000000000D0001927
     124       0       0       2       0                               0D0001928
     402    1127       0       0       0       0       0       000020000D0001929
     402       0       0       2       1                               0D0001930
     144    1129       0       0       0       0       0       000020000D0001931
     144       0   -2995       1       0                               0D0001932
     108    1130       0       0       0       0       0       000010000D0001933
     108       0       0       1       0                               0D0001934
     142    1131       0       0       0       0       0       000010500D0001935
     142       0       0       1       0                               0D0001936
     102    1132       0       0       0       0       0       000010000D0001937
     102       0       0       1       0                               0D0001938
     110    1133       0       0       0       0       0       000010000D0001939
     110       0       0       1       0                               0D0001940
     110    1134       0       0       0       0       0       000010000D0001941
     110       0       0       1       0                               0D0001942
     110    1135       0       0       0       0       0       000010000D0001943
     110       0       0       1       0                               0D0001944
     110    1136       0       0       0       0       0       000010000D0001945
     110       0       0       1       0                               0D0001946
     144    1137       0       0       0       0       0       000020000D0001947
     144       0   -2995       1       0                               0D0001948
     108    1138       0       0       0       0       0       000010000D0001949
     108       0       0       1       0                               0D0001950
     142    1139       0       0       0       0       0       000010500D0001951
     142       0       0       1       0                               0D0001952
     102    1140       0       0       0       0       0       000010000D0001953
     102       0       0       1       0                               0D0001954
     110    1141       0       0       0       0       0       000010000D0001955
     110       0   -2995       1       0                               0D0001956
     110    1142       0       0       0       0       0       000010000D0001957
     110       0       0       1       0                               0D0001958
     110    1143       0       0       0       0       0       000010000D0001959
     110       0       0       1       0                               0D0001960
     110    1144       0       0       0       0       0       000010000D0001961
     110       0       0       1       0                               0D0001962
     144    1145       0       0       0       0       0       000020000D0001963
     144       0   -2995       1       0                               0D0001964
     108    1146       0       0       0       0       0       000010000D0001965
     108       0       0       1       0                               0D0001966
     142    1147       0       0       0       0       0       000010500D0001967
     142       0       0       1       0                               0D0001968
     102    1148       0       0       0       0       0       000010000D0001969
     102       0       0       1       0                               0D0001970
     110    1149       0       0       0       0       0       000010000D0001971
     110       0   -2995       1       0                               0D0001972
     110    1150       0       0       0       0       0       000010000D0001973
     110       0       0       1       0                               0D0001974
     110    1151       0       0       0       0       0       000010000D0001975
     110       0       0       1       0                               0D0001976
     110    1152       0       0       0       0       0       000010000D0001977
     110       0       0       1       0                               0D0001978
     144    1153       0       0       0       0       0       000020000D0001979
     144       0   -2995       1       0                               0D0001980
     108    1154       0       0       0       0       0       000010000D0001981
     108       0       0       2       0                               0D0001982
     142    1156       0       0       0       0       0       000010500D0001983
     142       0       0       1       0                               0D0001984
     102    1157       0       0       0       0       0       000010000D0001985
     102       0       0       1       0                               0D0001986
     110    1158       0       0       0       0       0       000010000D0001987
     110       0       0       1       0                               0D0001988
     110    1159       0       0       0       0       0       000010000D0001989
     110       0       0       1       0                               0D0001990
     110    1160       0       0       0       0       0       000010000D0001991
     110       0       0       1       0                               0D0001992
     110    1161       0       0       0       0       0       000010000D0001993
     110       0       0       1       0                               0D0001994
     144    1162       0       0       0       0       0       000020000D0001995
     144       0   -2995       1       0                               0D0001996
     108    1163       0       0       0       0       0       000010000D0001997
     108       0       0       2       0                               0D0001998
     142    1165       0       0       0       0       0       000010500D0001999
     142       0       0       1       0                               0D0002000
     102    1166       0       0       0       0       0       000010000D0002001
     102       0       0       1       0                               0D0002002
     110    1167       0       0       0       0       0       000010000D0002003
     110       0       0       1       0                               0D0002004
     110    1168       0       0       0       0       0       000010000D0002005
     110       0       0       1       0                               0D0002006
     110    1169       0       0       0       0       0       000010000D0002007
     110       0       0       1       0                               0D0002008
     110    1170       0       0       0       0       0       000010000D0002009
     110       0       0       1       0                               0D0002010
     144    1171       0       0       0       0       0       000020000D0002011
     144       0   -2995       1       0                               0D0002012
     108    1172       0       0       0       0       0       000010000D0002013
     108       0       0       1       0                               0D0002014
     142    1173       0       0       0       0       0       000010500D0002015
     142       0       0       1       0                               0D0002016
     102    1174       0       0       0       0       0       000010000D0002017
     102       0       0       1       0                               0D0002018
     110    1175       0       0       0       0       0       000010000D0002019
     110       0       0       1       0                               0D0002020
     110    1176       0       0       0       0       0       000010000D0002021
     110       0       0       1       0                               0D0002022
     110    1177       0       0       0       0       0       000010000D0002023
     110       0       0       1       0                               0D0002024
     110    1178       0       0       0       0       0       000010000D0002025
     110       0       0       1       0                               0D0002026
     144    1179       0       0       0       0       0       000020000D0002027
     144       0   -2995       1       0                               0D0002028
     108    1180       0       0       0       0       0       000010000D0002029
     108       0       0       1       0                               0D0002030
     142    1181       0       0       0       0       0       000010500D0002031
     142       0       0       1       0                               0D0002032
     102    1182       0       0       0       0       0       000010000D0002033
     102       0       0       1       0                               0D0002034
     110    1183       0       0       0       0       0       000010000D0002035
     110       0       0       1       0                               0D0002036
     110    1184       0       0       0       0       0       000010000D0002037
     110       0       0       1       0                               0D0002038
     110    1185       0       0       0       0       0       000010000D0002039
     110       0       0       1       0                               0D0002040
     110    1186       0       0       0       0       0       000010000D0002041
     110       0       0       1       0                               0D0002042
     144    1187       0       0       0       0       0       000020000D0002043
     144       0   -2995       1       0                               0D0002044
     108    1188       0       0       0       0       0       000010000D0002045
     108       0       0       1       0                               0D0002046
     142    1189       0       0       0       0       0       000010500D0002047
     142       0       0       1       0                               0D0002048
     102    1190       0       0       0       0       0       000010000D0002049
     102       0       0       1       0                               0D0002050
     110    1191       0       0       0       0       0       000010000D0002051
     110       0   -2995       1       0                               0D0002052
     110    1192       0       0       0       0       0       000010000D0002053
     110       0       0       1       0                               0D0002054
     110    1193       0       0       0       0       0       000010000D0002055
     110       0   -2995       1       0                               0D0002056
     110    1194       0       0       0       0       0       000010000D0002057
     110       0       0       1       0                               0D0002058
     144    1195       0       0       0       0       0       000020000D0002059
     144       0   -2995       1       0                               0D0002060
     120    1196       0       0       0       0    2063       000010000D0002061
     120       0       0       1       0                               0D0002062
     124    1197       0       0       0       0       0       000000000D0002063
     124       0       0       1       0                               0D0002064
     110    1198       0       0       0       0       0       000010000D0002065
     110       0       0       1       0                               0D0002066
     110    1199       0       0       0       0       0       000010000D0002067
     110       0       0       1       0                               0D0002068
     142    1200       0       0       0       0       0       000010500D0002069
     142       0       0       1       0                               0D0002070
     102    1201       0       0       0       0       0       000010000D0002071
     102       0       0       1       0                               0D0002072
     110    1202       0       0       0       0       0       000010000D0002073
     110       0   -2995       1       0                               0D0002074
     110    1203       0       0       0       0       0       000010000D0002075
     110       0       0       2       0                               0D0002076
     110    1205       0       0       0       0       0       000010000D0002077
     110       0   -2995       1       0                               0D0002078
     110    1206       0       0       0       0       0       000010000D0002079
     110       0       0       1       0                               0D0002080
     102    1207       0       0       0       0       0       000010000D0002081
     102       0       0       1       0                               0D0002082
     110    1208       0       0       0       0       0       000010000D0002083
     110       0       0       1       0                               0D0002084
     100    1209       0       0       0       0    2087       000010000D0002085
     100       0       0       1       0                               0D0002086
     124    1210       0       0       0       0       0       000000000D0002087
     124       0       0       2       0                               0D0002088
     110    1212       0       0       0       0       0       000010000D0002089
     110       0       0       1       0                               0D0002090
     100    1213       0       0       0       0    2093       000010000D0002091
     100       0       0       1       0                               0D0002092
     124    1214       0       0       0       0       0       000000000D0002093
     124       0       0       2       0                               0D0002094
     144    1216       0       0       0       0       0       000020000D0002095
     144       0   -2995       1       0                               0D0002096
     120    1217       0       0       0       0    2099       000010000D0002097
     120       0       0       1       0                               0D0002098
     124    1218       0       0       0       0       0       000000000D0002099
     124       0       0       1       1                               0D0002100
     110    1219       0       0       0       0       0       000010000D0002101
     110       0       0       1       0                               0D0002102
     110    1220       0       0       0       0       0       000010000D0002103
     110       0       0       1       0                               0D0002104
     142    1221       0       0       0       0       0       000010500D0002105
     142       0       0       1       0                               0D0002106
     102    1222       0       0       0       0       0       000010000D0002107
     102       0       0       1       0                               0D0002108
     110    1223       0       0       0       0       0       000010000D0002109
     110       0   -2995       1       0                               0D0002110
     110    1224       0       0       0       0       0       000010000D0002111
     110       0       0       1       0                               0D0002112
     110    1225       0       0       0       0       0       000010000D0002113
     110       0   -2995       1       0                               0D0002114
     110    1226       0       0       0       0       0       000010000D0002115
     110       0       0       2       0                               0D0002116
     102    1228       0       0       0       0       0       000010000D0002117
     102       0       0       1       0                               0D0002118
     110    1229       0       0       0       0       0       000010000D0002119
     110       0       0       1       0                               0D0002120
     100    1230       0       0       0       0    2123       000010000D0002121
     100       0       0       2       0                               0D0002122
     124    1232       0       0       0       0       0       000000000D0002123
     124       0       0       2       0                               0D0002124
     110    1234       0       0       0       0       0       000010000D0002125
     110       0       0       1       0                               0D0002126
     100    1235       0       0       0       0    2129       000010000D0002127
     100       0       0       2       0                               0D0002128
     124    1237       0       0       0       0       0       000000000D0002129
     124       0       0       2       0                               0D0002130
     144    1239       0       0       0       0       0       000020000D0002131
     144       0   -2995       1       0                               0D0002132
     120    1240       0       0       0       0    2135       000010000D0002133
     120       0       0       1       0                               0D0002134
     124    1241       0       0       0       0       0       000000000D0002135
     124       0       0       1       1                               0D0002136
     110    1242       0       0       0       0       0       000010000D0002137
     110       0       0       1       0                               0D0002138
     110    1243       0       0       0       0       0       000010000D0002139
     110       0       0       1       0                               0D0002140
     142    1244       0       0       0       0       0       000010500D0002141
     142       0       0       1       0                               0D0002142
     102    1245       0       0       0       0       0       000010000D0002143
     102       0       0       1       0                               0D0002144
     110    1246       0       0       0       0       0       000010000D0002145
     110       0   -2995       1       0                               0D0002146
     110    1247       0       0       0       0       0       000010000D0002147
     110       0       0       1       0                               0D0002148
     110    1248       0       0       0       0       0       000010000D0002149
     110       0   -2995       1       0                               0D0002150
     110    1249       0       0       0       0       0       000010000D0002151
     110       0       0       2       0                               0D0002152
     102    1251       0       0       0       0       0       000010000D0002153
     102       0       0       1       0                               0D0002154
     110    1252       0       0       0       0       0       000010000D0002155
     110       0       0       1       0                               0D0002156
     100    1253       0       0       0       0    2159       000010000D0002157
     100       0       0       2       0                               0D0002158
     124    1255       0       0       0       0       0       000000000D0002159
     124       0       0       2       0                               0D0002160
     110    1257       0       0       0       0       0       000010000D0002161
     110       0       0       1       0                               0D0002162
     100    1258       0       0       0       0    2165       000010000D0002163
     100       0       0       2       0                               0D0002164
     124    1260       0       0       0       0       0       000000000D0002165
     124       0       0       2       0                               0D0002166
     144    1262       0       0       0       0       0       000020000D0002167
     144       0   -2995       1       0                               0D0002168
     120    1263       0       0       0       0    2171       000010000D0002169
     120       0       0       1       0                               0D0002170
     124    1264       0       0       0       0       0       000000000D0002171
     124       0       0       1       0                               0D0002172
     110    1265       0       0       0       0       0       000010000D0002173
     110       0       0       1       0                               0D0002174
     110    1266       0       0       0       0       0       000010000D0002175
     110       0       0       1       0                               0D0002176
     142    1267       0       0       0       0       0       000010500D0002177
     142       0       0       1       0                               0D0002178
     102    1268       0       0       0       0       0       000010000D0002179
     102       0       0       1       0                               0D0002180
     110    1269       0       0       0       0       0       000010000D0002181
     110       0   -2995       1       0                               0D0002182
     110    1270       0       0       0       0       0       000010000D0002183
     110       0       0       2       0                               0D0002184
     110    1272       0       0       0       0       0       000010000D0002185
     110       0   -2995       1       0                               0D0002186
     110    1273       0       0       0       0       0       000010000D0002187
     110       0       0       1       0                               0D0002188
     102    1274       0       0       0       0       0       000010000D0002189
     102       0       0       1       0                               0D0002190
     110    1275       0       0       0       0       0       000010000D0002191
     110       0       0       1       0                               0D0002192
     100    1276       0       0       0       0    2195       000010000D0002193
     100       0       0       1       0                               0D0002194
     124    1277       0       0       0       0       0       000000000D0002195
     124       0       0       2       0                               0D0002196
     110    1279       0       0       0       0       0       000010000D0002197
     110       0       0       1       0                               0D0002198
     100    1280       0       0       0       0    2201       000010000D0002199
     100       0       0       1       0                               0D0002200
     124    1281       0       0       0       0       0       000000000D0002201
     124       0       0       2       0                               0D0002202
     144    1283       0       0       0       0       0       000020000D0002203
     144       0   -2995       1       0                               0D0002204
     108    1284       0       0       0       0       0       000010000D0002205
     108       0       0       1       0                               0D0002206
     142    1285       0       0       0       0       0       000010500D0002207
     142       0       0       1       0                               0D0002208
     102    1286       0       0       0       0       0       000010000D0002209
     102       0       0       2       0                               0D0002210
     110    1288       0       0       0       0       0       000010000D0002211
     110       0   -2995       1       0                               0D0002212
     110    1289       0       0       0       0       0       000010000D0002213
     110       0   -2995       1       0                               0D0002214
     110    1290       0       0       0       0       0       000010000D0002215
     110       0   -2995       1       0                               0D0002216
     100    1291       0       0       0       0    2219       000010000D0002217
     100       0   -2995       2       0                               0D0002218
     124    1293       0       0       0       0       0       000000000D0002219
     124       0       0       2       0                               0D0002220
     110    1295       0       0       0       0       0       000010000D0002221
     110       0   -2995       1       0                               0D0002222
     100    1296       0       0       0       0    2225       000010000D0002223
     100       0   -2995       1       0                               0D0002224
     124    1297       0       0       0       0       0       000000000D0002225
     124       0       0       2       0                               0D0002226
     110    1299       0       0       0       0       0       000010000D0002227
     110       0   -2995       1       0                               0D0002228
     110    1300       0       0       0       0       0       000010000D0002229
     110       0   -2995       1       0                               0D0002230
     110    1301       0       0       0       0       0       000010000D0002231
     110       0   -2995       1       0                               0D0002232
     100    1302       0       0       0       0    2235       000010000D0002233
     100       0   -2995       2       0                               0D0002234
     124    1304       0       0       0       0       0       000000000D0002235
     124       0       0       2       0                               0D0002236
     110    1306       0       0       0       0       0       000010000D0002237
     110       0   -2995       1       0                               0D0002238
     100    1307       0       0       0       0    2241       000010000D0002239
     100       0   -2995       1       0                               0D0002240
     124    1308       0       0       0       0       0       000000000D0002241
     124       0       0       2       0                               0D0002242
     144    1310       0       0       0       0       0       000020000D0002243
     144       0   -2995       1       0                               0D0002244
     108    1311       0       0       0       0       0       000010000D0002245
     108       0       0       1       0                               0D0002246
     142    1312       0       0       0       0       0       000010500D0002247
     142       0       0       1       0                               0D0002248
     102    1313       0       0       0       0       0       000010000D0002249
     102       0       0       2       0                               0D0002250
     110    1315       0       0       0       0       0       000010000D0002251
     110       0   -2995       1       0                               0D0002252
     110    1316       0       0       0       0       0       000010000D0002253
     110       0   -2995       1       0                               0D0002254
     110    1317       0       0       0       0       0       000010000D0002255
     110       0   -2995       1       0                               0D0002256
     100    1318       0       0       0       0    2259       000010000D0002257
     100       0   -2995       1       0                               0D0002258
     124    1319       0       0       0       0       0       000000000D0002259
     124       0       0       2       0                               0D0002260
     110    1321       0       0       0       0       0       000010000D0002261
     110       0   -2995       1       0                               0D0002262
     100    1322       0       0       0       0    2265       000010000D0002263
     100       0   -2995       2       0                               0D0002264
     124    1324       0       0       0       0       0       000000000D0002265
     124       0       0       2       0                               0D0002266
     110    1326       0       0       0       0       0       000010000D0002267
     110       0   -2995       1       0                               0D0002268
     110    1327       0       0       0       0       0       000010000D0002269
     110       0   -2995       1       0                               0D0002270
     110    1328       0       0       0       0       0       000010000D0002271
     110       0   -2995       1       0                               0D0002272
     100    1329       0       0       0       0    2275       000010000D0002273
     100       0   -2995       1       0                               0D0002274
     124    1330       0       0       0       0       0       000000000D0002275
     124       0       0       2       0                               0D0002276
     110    1332       0       0       0       0       0       000010000D0002277
     110       0   -2995       1       0                               0D0002278
     100    1333       0       0       0       0    2281       000010000D0002279
     100       0   -2995       2       0                               0D0002280
     124    1335       0       0       0       0       0       000000000D0002281
     124       0       0       2       0                               0D0002282
     402    1337       0       0       0       0       0       000020000D0002283
     402       0       0       2       1                               0D0002284
     144    1339       0       0       0       0       0       000020000D0002285
     144       0   -2995       1       0                               0D0002286
     108    1340       0       0       0       0       0       000010000D0002287
     108       0       0       1       0                               0D0002288
     142    1341       0       0       0       0       0       000010500D0002289
     142       0       0       1       0                               0D0002290
     102    1342       0       0       0       0       0       000010000D0002291
     102       0       0       1       0                               0D0002292
     110    1343       0       0       0       0       0       000010000D0002293
     110       0       0       1       0                               0D0002294
     110    1344       0       0       0       0       0       000010000D0002295
     110       0       0       1       0                               0D0002296
     110    1345       0       0       0       0       0       000010000D0002297
     110       0       0       1       0                               0D0002298
     110    1346       0       0       0       0       0       000010000D0002299
     110       0       0       1       0                               0D0002300
     144    1347       0       0       0       0       0       000020000D0002301
     144       0   -2995       1       0                               0D0002302
     108    1348       0       0       0       0       0       000010000D0002303
     108       0       0       1       0                               0D0002304
     142    1349       0       0       0       0       0       000010500D0002305
     142       0       0       1       0                               0D0002306
     102    1350       0       0       0       0       0       000010000D0002307
     102       0       0       1       0                               0D0002308
     110    1351       0       0       0       0       0       000010000D0002309
     110       0   -2995       1       0                               0D0002310
     110    1352       0       0       0       0       0       000010000D0002311
     110       0       0       1       0                               0D0002312
     110    1353       0       0       0       0       0       000010000D0002313
     110       0       0       1       0                               0D0002314
     110    1354       0       0       0       0       0       000010000D0002315
     110       0       0       1       0                               0D0002316
     144    1355       0       0       0       0       0       000020000D0002317
     144       0   -2995       1       0                               0D0002318
     108    1356       0       0       0       0       0       000010000D0002319
     108       0       0       1       0                               0D0002320
     142    1357       0       0       0       0       0       000010500D0002321
     142       0       0       1       0                               0D0002322
     102    1358       0       0       0       0       0       000010000D0002323
     102       0       0       1       0                               0D0002324
     110    1359       0       0       0       0       0       000010000D0002325
     110       0   -2995       1       0                               0D0002326
     110    1360       0       0       0       0       0       000010000D0002327
     110       0       0       1       0                               0D0002328
     110    1361       0       0       0       0       0       000010000D0002329
     110       0       0       1       0                               0D0002330
     110    1362       0       0       0       0       0       000010000D0002331
     110       0       0       1       0                               0D0002332
     144    1363       0       0       0       0       0       000020000D0002333
     144       0   -2995       1       0                               0D0002334
     108    1364       0       0       0       0       0       000010000D0002335
     108       0       0       2       0                               0D0002336
     142    1366       0       0       0       0       0       000010500D0002337
     142       0       0       1       0                               0D0002338
     102    1367       0       0       0       0       0       000010000D0002339
     102       0       0       1       0                               0D0002340
     110    1368       0       0       0       0       0       000010000D0002341
     110       0       0       1       0                               0D0002342
     110    1369       0       0       0       0       0       000010000D0002343
     110       0       0       1       0                               0D0002344
     110    1370       0       0       0       0       0       000010000D0002345
     110       0       0       1       0                               0D0002346
     110    1371       0       0       0       0       0       000010000D0002347
     110       0       0       1       0                               0D0002348
     144    1372       0       0       0       0       0       000020000D0002349
     144       0   -2995       1       0                               0D0002350
     108    1373       0       0       0       0       0       000010000D0002351
     108       0       0       2       0                               0D0002352
     142    1375       0       0       0       0       0       000010500D0002353
     142       0       0       1       0                               0D0002354
     102    1376       0       0       0       0       0       000010000D0002355
     102       0       0       1       0                               0D0002356
     110    1377       0       0       0       0       0       000010000D0002357
     110       0       0       1       0                               0D0002358
     110    1378       0       0       0       0       0       000010000D0002359
     110       0       0       1       0                               0D0002360
     110    1379       0       0       0       0       0       000010000D0002361
     110       0       0       1       0                               0D0002362
     110    1380       0       0       0       0       0       000010000D0002363
     110       0       0       1       0                               0D0002364
     144    1381       0       0       0       0       0       000020000D0002365
     144       0   -2995       1       0                               0D0002366
     108    1382       0       0       0       0       0       000010000D0002367
     108       0       0       1       0                               0D0002368
     142    1383       0       0       0       0       0       000010500D0002369
     142       0       0       1       0                               0D0002370
     102    1384       0       0       0       0       0       000010000D0002371
     102       0       0       1       0                               0D0002372
     110    1385       0       0       0       0       0       000010000D0002373
     110       0       0       1       0                               0D0002374
     110    1386       0       0       0       0       0       000010000D0002375
     110       0       0       1       0                               0D0002376
     110    1387       0       0       0       0       0       000010000D0002377
     110       0       0       1       0                               0D0002378
     110    1388       0       0       0       0       0       000010000D0002379
     110       0       0       1       0                               0D0002380
     144    1389       0       0       0       0       0       000020000D0002381
     144       0   -2995       1       0                               0D0002382
     108    1390       0       0       0       0       0       000010000D0002383
     108       0       0       1       0                               0D0002384
     142    1391       0       0       0       0       0       000010500D0002385
     142       0       0       1       0                               0D0002386
     102    1392       0       0       0       0       0       000010000D0002387
     102       0       0       1       0                               0D0002388
     110    1393       0       0       0       0       0       000010000D0002389
     110       0       0       1       0                               0D0002390
     110    1394       0       0       0       0       0       000010000D0002391
     110       0       0       1       0                               0D0002392
     110    1395       0       0       0       0       0       000010000D0002393
     110       0       0       1       0                               0D0002394
     110    1396       0       0       0       0       0       000010000D0002395
     110       0       0       1       0                               0D0002396
     144    1397       0       0       0       0       0       000020000D0002397
     144       0   -2995       1       0                               0D0002398
     108    1398       0       0       0       0       0       000010000D0002399
     108       0       0       1       0                               0D0002400
     142    1399       0       0       0       0       0       000010500D0002401
     142       0       0       1       0                               0D0002402
     102    1400       0       0       0       0       0       000010000D0002403
     102       0       0       1       0                               0D0002404
     110    1401       0       0       0       0       0       000010000D0002405
     110       0   -2995       1       0                               0D0002406
     110    1402       0       0       0       0       0       000010000D0002407
     110       0       0       1       0                               0D0002408
     110    1403       0       0       0       0       0       000010000D0002409
     110       0   -2995       1       0                               0D0002410
     110    1404       0       0       0       0       0       000010000D0002411
     110       0       0       1       0                               0D0002412
     144    1405       0       0       0       0       0       000020000D0002413
     144       0   -2995       1       0                               0D0002414
     120    1406       0       0       0       0    2417       000010000D0002415
     120       0       0       1       0                               0D0002416
     124    1407       0       0       0       0       0       000000000D0002417
     124       0       0       1       0                               0D0002418
     110    1408       0       0       0       0       0       000010000D0002419
     110       0       0       1       0                               0D0002420
     110    1409       0       0       0       0       0       000010000D0002421
     110       0       0       1       0                               0D0002422
     142    1410       0       0       0       0       0       000010500D0002423
     142       0       0       1       0                               0D0002424
     102    1411       0       0       0       0       0       000010000D0002425
     102       0       0       1       0                               0D0002426
     110    1412       0       0       0       0       0       000010000D0002427
     110       0   -2995       1       0                               0D0002428
     110    1413       0       0       0       0       0       000010000D0002429
     110       0       0       2       0                               0D0002430
     110    1415       0       0       0       0       0       000010000D0002431
     110       0   -2995       1       0                               0D0002432
     110    1416       0       0       0       0       0       000010000D0002433
     110       0       0       1       0                               0D0002434
     102    1417       0       0       0       0       0       000010000D0002435
     102       0       0       1       0                               0D0002436
     110    1418       0       0       0       0       0       000010000D0002437
     110       0       0       1       0                               0D0002438
     100    1419       0       0       0       0    2441       000010000D0002439
     100       0       0       1       0                               0D0002440
     124    1420       0       0       0       0       0       000000000D0002441
     124       0       0       2       0                               0D0002442
     110    1422       0       0       0       0       0       000010000D0002443
     110       0       0       1       0                               0D0002444
     100    1423       0       0       0       0    2447       000010000D0002445
     100       0       0       1       0                               0D0002446
     124    1424       0       0       0       0       0       000000000D0002447
     124       0       0       2       0                               0D0002448
     144    1426       0       0       0       0       0       000020000D0002449
     144       0   -2995       1       0                               0D0002450
     120    1427       0       0       0       0    2453       000010000D0002451
     120       0       0       1       0                               0D0002452
     124    1428       0       0       0       0       0       000000000D0002453
     124       0       0       1       1                               0D0002454
     110    1429       0       0       0       0       0       000010000D0002455
     110       0       0       1       0                               0D0002456
     110    1430       0       0       0       0       0       000010000D0002457
     110       0       0       1       0                               0D0002458
     142    1431       0       0       0       0       0       000010500D0002459
     142       0       0       1       0                               0D0002460
     102    1432       0       0       0       0       0       000010000D0002461
     102       0       0       1       0                               0D0002462
     110    1433       0       0       0       0       0       000010000D0002463
     110       0   -2995       1       0                               0D0002464
     110    1434       0       0       0       0       0       000010000D0002465
     110       0       0       1       0                               0D0002466
     110    1435       0       0       0       0       0       000010000D0002467
     110       0   -2995       1       0                               0D0002468
     110    1436       0       0       0       0       0       000010000D0002469
     110       0       0       2       0                               0D0002470
     102    1438       0       0       0       0       0       000010000D0002471
     102       0       0       1       0                               0D0002472
     110    1439       0       0       0       0       0       000010000D0002473
     110       0       0       1       0                               0D0002474
     100    1440       0       0       0       0    2477       000010000D0002475
     100       0       0       2       0                               0D0002476
     124    1442       0       0       0       0       0       000000000D0002477
     124       0       0       2       0                               0D0002478
     110    1444       0       0       0       0       0       000010000D0002479
     110       0       0       1       0                               0D0002480
     100    1445       0       0       0       0    2483       000010000D0002481
     100       0       0       2       0                               0D0002482
     124    1447       0       0       0       0       0       000000000D0002483
     124       0       0       2       0                               0D0002484
     144    1449       0       0       0       0       0       000020000D0002485
     144       0   -2995       1       0                               0D0002486
     120    1450       0       0       0       0    2489       000010000D0002487
     120       0       0       1       0                               0D0002488
     124    1451       0       0       0       0       0       000000000D0002489
     124       0       0       1       1                               0D0002490
     110    1452       0       0       0       0       0       000010000D0002491
     110       0       0       1       0                               0D0002492
     110    1453       0       0       0       0       0       000010000D0002493
     110       0       0       1       0                               0D0002494
     142    1454       0       0       0       0       0       000010500D0002495
     142       0       0       1       0                               0D0002496
     102    1455       0       0       0       0       0       000010000D0002497
     102       0       0       1       0                               0D0002498
     110    1456       0       0       0       0       0       000010000D0002499
     110       0   -2995       1       0                               0D0002500
     110    1457       0       0       0       0       0       000010000D0002501
     110       0       0       1       0                               0D0002502
     110    1458       0       0       0       0       0       000010000D0002503
     110       0   -2995       1       0                               0D0002504
     110    1459       0       0       0       0       0       000010000D0002505
     110       0       0       2       0                               0D0002506
     102    1461       0       0       0       0       0       000010000D0002507
     102       0       0       1       0                               0D0002508
     110    1462       0       0       0       0       0       000010000D0002509
     110       0       0       1       0                               0D0002510
     100    1463       0       0       0       0    2513       000010000D0002511
     100       0       0       2       0                               0D0002512
     124    1465       0       0       0       0       0       000000000D0002513
     124       0       0       2       0                               0D0002514
     110    1467       0       0       0       0       0       000010000D0002515
     110       0       0       1       0                               0D0002516
     100    1468       0       0       0       0    2519       000010000D0002517
     100       0       0       2       0                               0D0002518
     124    1470       0       0       0       0       0       000000000D0002519
     124       0       0       2       0                               0D0002520
     144    1472       0       0       0       0       0       000020000D0002521
     144       0   -2995       1       0                               0D0002522
     120    1473       0       0       0       0    2525       000010000D0002523
     120       0       0       1       0                               0D0002524
     124    1474       0       0       0       0       0       000000000D0002525
     124       0       0       1       0                               0D0002526
     110    1475       0       0       0       0       0       000010000D0002527
     110       0       0       1       0                               0D0002528
     110    1476       0       0       0       0       0       000010000D0002529
     110       0       0       1       0                               0D0002530
     142    1477       0       0       0       0       0       000010500D0002531
     142       0       0       1       0                               0D0002532
     102    1478       0       0       0       0       0       000010000D0002533
     102       0       0       1       0                               0D0002534
     110    1479       0       0       0       0       0       000010000D0002535
     110       0   -2995       1       0                               0D0002536
     110    1480       0       0       0       0       0       000010000D0002537
     110       0       0       2       0                               0D0002538
     110    1482       0       0       0       0       0       000010000D0002539
     110       0   -2995       1       0                               0D0002540
     110    1483       0       0       0       0       0       000010000D0002541
     110       0       0       1       0                               0D0002542
     102    1484       0       0       0       0       0       000010000D0002543
     102       0       0       1       0                               0D0002544
     110    1485       0       0       0       0       0       000010000D0002545
     110       0       0       1       0                               0D0002546
     100    1486       0       0       0       0    2549       000010000D0002547
     100       0       0       1       0                               0D0002548
     124    1487       0       0       0       0       0       000000000D0002549
     124       0       0       2       0                               0D0002550
     110    1489       0       0       0       0       0       000010000D0002551
     110       0       0       1       0                               0D0002552
     100    1490       0       0       0       0    2555       000010000D0002553
     100       0       0       1       0                               0D0002554
     124    1491       0       0       0       0       0       000000000D0002555
     124       0       0       2       0                               0D0002556
     144    1493       0       0       0       0       0       000020000D0002557
     144       0   -2995       1       0                               0D0002558
     108    1494       0       0       0       0       0       000010000D0002559
     108       0       0       1       0                               0D0002560
     142    1495       0       0       0       0       0       000010500D0002561
     142       0       0       1       0                               0D0002562
     102    1496       0       0       0       0       0       000010000D0002563
     102       0       0       2       0                               0D0002564
     110    1498       0       0       0       0       0       000010000D0002565
     110       0   -2995       1       0                               0D0002566
     110    1499       0       0       0       0       0       000010000D0002567
     110       0   -2995       1       0                               0D0002568
     110    1500       0       0       0       0       0       000010000D0002569
     110       0   -2995       1       0                               0D0002570
     100    1501       0       0       0       0    2573       000010000D0002571
     100       0   -2995       2       0                               0D0002572
     124    1503       0       0       0       0       0       000000000D0002573
     124       0       0       2       0                               0D0002574
     110    1505       0       0       0       0       0       000010000D0002575
     110       0   -2995       1       0                               0D0002576
     100    1506       0       0       0       0    2579       000010000D0002577
     100       0   -2995       1       0                               0D0002578
     124    1507       0       0       0       0       0       000000000D0002579
     124       0       0       2       0                               0D0002580
     110    1509       0       0       0       0       0       000010000D0002581
     110       0   -2995       1       0                               0D0002582
     110    1510       0       0       0       0       0       000010000D0002583
     110       0   -2995       1       0                               0D0002584
     110    1511       0       0       0       0       0       000010000D0002585
     110       0   -2995       1       0                               0D0002586
     100    1512       0       0       0       0    2589       000010000D0002587
     100       0   -2995       2       0                               0D0002588
     124    1514       0       0       0       0       0       000000000D0002589
     124       0       0       2       0                               0D0002590
     110    1516       0       0       0       0       0       000010000D0002591
     110       0   -2995       1       0                               0D0002592
     100    1517       0       0       0       0    2595       000010000D0002593
     100       0   -2995       1       0                               0D0002594
     124    1518       0       0       0       0       0       000000000D0002595
     124       0       0       2       0                               0D0002596
     144    1520       0       0       0       0       0       000020000D0002597
     144       0   -2995       1       0                               0D0002598
     108    1521       0       0       0       0       0       000010000D0002599
     108       0       0       1       0                               0D0002600
     142    1522       0       0       0       0       0       000010500D0002601
     142       0       0       1       0                               0D0002602
     102    1523       0       0       0       0       0       000010000D0002603
     102       0       0       2       0                               0D0002604
     110    1525       0       0       0       0       0       000010000D0002605
     110       0   -2995       1       0                               0D0002606
     110    1526       0       0       0       0       0       000010000D0002607
     110       0   -2995       1       0                               0D0002608
     110    1527       0       0       0       0       0       000010000D0002609
     110       0   -2995       1       0                               0D0002610
     100    1528       0       0       0       0    2613       000010000D0002611
     100       0   -2995       1       0                               0D0002612
     124    1529       0       0       0       0       0       000000000D0002613
     124       0       0       2       0                               0D0002614
     110    1531       0       0       0       0       0       000010000D0002615
     110       0   -2995       1       0                               0D0002616
     100    1532       0       0       0       0    2619       000010000D0002617
     100       0   -2995       2       0                               0D0002618
     124    1534       0       0       0       0       0       000000000D0002619
     124       0       0       2       0                               0D0002620
     110    1536       0       0       0       0       0       000010000D0002621
     110       0   -2995       1       0                               0D0002622
     110    1537       0       0       0       0       0       000010000D0002623
     110       0   -2995       1       0                               0D0002624
     110    1538       0       0       0       0       0       000010000D0002625
     110       0   -2995       1       0                               0D0002626
     100    1539       0       0       0       0    2629       000010000D0002627
     100       0   -2995       1       0                               0D0002628
     124    1540       0       0       0       0       0       000000000D0002629
     124       0       0       2       0                               0D0002630
     110    1542       0       0       0       0       0       000010000D0002631
     110       0   -2995       1       0                               0D0002632
     100    1543       0       0       0       0    2635       000010000D0002633
     100       0   -2995       2       0                               0D0002634
     124    1545       0       0       0       0       0       000000000D0002635
     124       0       0       2       0                               0D0002636
     402    1547       0       0       0       0       0       000020000D0002637
     402       0       0       2       1                               0D0002638
     144    1549       0       0       0       0       0       000020000D0002639
     144       0   -2995       1       0                               0D0002640
     108    1550       0       0       0       0       0       000010000D0002641
     108       0       0       1       0                               0D0002642
     142    1551       0       0       0       0       0       000010500D0002643
     142       0       0       1       0                               0D0002644
     102    1552       0       0       0       0       0       000010000D0002645
     102       0       0       1       0                               0D0002646
     110    1553       0       0       0       0       0       000010000D0002647
     110       0       0       1       0                               0D0002648
     110    1554       0       0       0       0       0       000010000D0002649
     110       0       0       1       0                               0D0002650
     110    1555       0       0       0       0       0       000010000D0002651
     110       0       0       1       0                               0D0002652
     110    1556       0       0       0       0       0       000010000D0002653
     110       0       0       1       0                               0D0002654
     144    1557       0       0       0       0       0       000020000D0002655
     144       0   -2995       1       0                               0D0002656
     108    1558       0       0       0       0       0       000010000D0002657
     108       0       0       1       0                               0D0002658
     142    1559       0       0       0       0       0       000010500D0002659
     142       0       0       1       0                               0D0002660
     102    1560       0       0       0       0       0       000010000D0002661
     102       0       0       1       0                               0D0002662
     110    1561       0       0       0       0       0       000010000D0002663
     110       0   -2995       1       0                               0D0002664
     110    1562       0       0       0       0       0       000010000D0002665
     110       0       0       1       0                               0D0002666
     110    1563       0       0       0       0       0       000010000D0002667
     110       0       0       1       0                               0D0002668
     110    1564       0       0       0       0       0       000010000D0002669
     110       0       0       1       0                               0D0002670
     144    1565       0       0       0       0       0       000020000D0002671
     144       0   -2995       1       0                               0D0002672
     108    1566       0       0       0       0       0       000010000D0002673
     108       0       0       1       0                               0D0002674
     142    1567       0       0       0       0       0       000010500D0002675
     142       0       0       1       0                               0D0002676
     102    1568       0       0       0       0       0       000010000D0002677
     102       0       0       1       0                               0D0002678
     110    1569       0       0       0       0       0       000010000D0002679
     110       0   -2995       1       0                               0D0002680
     110    1570       0       0       0       0       0       000010000D0002681
     110       0       0       1       0                               0D0002682
     110    1571       0       0       0       0       0       000010000D0002683
     110       0       0       1       0                               0D0002684
     110    1572       0       0       0       0       0       000010000D0002685
     110       0       0       1       0                               0D0002686
     144    1573       0       0       0       0       0       000020000D0002687
     144       0   -2995       1       0                               0D0002688
     108    1574       0       0       0       0       0       000010000D0002689
     108       0       0       2       0                               0D0002690
     142    1576       0       0       0       0       0       000010500D0002691
     142       0       0       1       0                               0D0002692
     102    1577       0       0       0       0       0       000010000D0002693
     102       0       0       1       0                               0D0002694
     110    1578       0       0       0       0       0       000010000D0002695
     110       0       0       1       0                               0D0002696
     110    1579       0       0       0       0       0       000010000D0002697
     110       0       0       1       0                               0D0002698
     110    1580       0       0       0       0       0       000010000D0002699
     110       0       0       1       0                               0D0002700
     110    1581       0       0       0       0       0       000010000D0002701
     110       0       0       1       0                               0D0002702
     144    1582       0       0       0       0       0       000020000D0002703
     144       0   -2995       1       0                               0D0002704
     108    1583       0       0       0       0       0       000010000D0002705
     108       0       0       2       0                               0D0002706
     142    1585       0       0       0       0       0       000010500D0002707
     142       0       0       1       0                               0D0002708
     102    1586       0       0       0       0       0       000010000D0002709
     102       0       0       1       0                               0D0002710
     110    1587       0       0       0       0       0       000010000D0002711
     110       0       0       1       0                               0D0002712
     110    1588       0       0       0       0       0       000010000D0002713
     110       0       0       1       0                               0D0002714
     110    1589       0       0       0       0       0       000010000D0002715
     110       0       0       1       0                               0D0002716
     110    1590       0       0       0       0       0       000010000D0002717
     110       0       0       1       0                               0D0002718
     144    1591       0       0       0       0       0       000020000D0002719
     144       0   -2995       1       0                               0D0002720
     108    1592       0       0       0       0       0       000010000D0002721
     108       0       0       1       0                               0D0002722
     142    1593       0       0       0       0       0       000010500D0002723
     142       0       0       1       0                               0D0002724
     102    1594       0       0       0       0       0       000010000D0002725
     102       0       0       1       0                               0D0002726
     110    1595       0       0       0       0       0       000010000D0002727
     110       0       0       1       0                               0D0002728
     110    1596       0       0       0       0       0       000010000D0002729
     110       0       0       1       0                               0D0002730
     110    1597       0       0       0       0       0       000010000D0002731
     110       0       0       1       0                               0D0002732
     110    1598       0       0       0       0       0       000010000D0002733
     110       0       0       1       0                               0D0002734
     144    1599       0       0       0       0       0       000020000D0002735
     144       0   -2995       1       0                               0D0002736
     108    1600       0       0       0       0       0       000010000D0002737
     108       0       0       1       0                               0D0002738
     142    1601       0       0       0       0       0       000010500D0002739
     142       0       0       1       0                               0D0002740
     102    1602       0       0       0       0       0       000010000D0002741
     102       0       0       1       0                               0D0002742
     110    1603       0       0       0       0       0       000010000D0002743
     110       0       0       1       0                               0D0002744
     110    1604       0       0       0       0       0       000010000D0002745
     110       0       0       1       0                               0D0002746
     110    1605       0       0       0       0       0       000010000D0002747
     110       0       0       1       0                               0D0002748
     110    1606       0       0       0       0       0       000010000D0002749
     110       0       0       1       0                               0D0002750
     144    1607       0       0       0       0       0       000020000D0002751
     144       0   -2995       1       0                               0D0002752
     108    1608       0       0       0       0       0       000010000D0002753
     108       0       0       1       0                               0D0002754
     142    1609       0       0       0       0       0       000010500D0002755
     142       0       0       1       0                               0D0002756
     102    1610       0       0       0       0       0       000010000D0002757
     102       0       0       1       0                               0D0002758
     110    1611       0       0       0       0       0       000010000D0002759
     110       0   -2995       1       0                               0D0002760
     110    1612       0       0       0       0       0       000010000D0002761
     110       0       0       1       0                               0D0002762
     110    1613       0       0       0       0       0       000010000D0002763
     110       0   -2995       1       0                               0D0002764
     110    1614       0       0       0       0       0       000010000D0002765
     110       0       0       1       0                               0D0002766
     144    1615       0       0       0       0       0       000020000D0002767
     144       0   -2995       1       0                               0D0002768
     120    1616       0       0       0       0    2771       000010000D0002769
     120       0       0       1       0                               0D0002770
     124    1617       0       0       0       0       0       000000000D0002771
     124       0       0       1       0                               0D0002772
     110    1618       0       0       0       0       0       000010000D0002773
     110       0       0       1       0                               0D0002774
     110    1619       0       0       0       0       0       000010000D0002775
     110       0       0       1       0                               0D0002776
     142    1620       0       0       0       0       0       000010500D0002777
     142       0       0       1       0                               0D0002778
     102    1621       0       0       0       0       0       000010000D0002779
     102       0       0       1       0                               0D0002780
     110    1622       0       0       0       0       0       000010000D0002781
     110       0   -2995       1       0                               0D0002782
     110    1623       0       0       0       0       0       000010000D0002783
     110       0       0       2       0                               0D0002784
     110    1625       0       0       0       0       0       000010000D0002785
     110       0   -2995       1       0                               0D0002786
     110    1626       0       0       0       0       0       000010000D0002787
     110       0       0       1       0                               0D0002788
     102    1627       0       0       0       0       0       000010000D0002789
     102       0       0       1       0                               0D0002790
     110    1628       0       0       0       0       0       000010000D0002791
     110       0       0       1       0                               0D0002792
     100    1629       0       0       0       0    2795       000010000D0002793
     100       0       0       1       0                               0D0002794
     124    1630       0       0       0       0       0       000000000D0002795
     124       0       0       2       0                               0D0002796
     110    1632       0       0       0       0       0       000010000D0002797
     110       0       0       1       0                               0D0002798
     100    1633       0       0       0       0    2801       000010000D0002799
     100       0       0       1       0                               0D0002800
     124    1634       0       0       0       0       0       000000000D0002801
     124       0       0       2       0                               0D0002802
     144    1636       0       0       0       0       0       000020000D0002803
     144       0   -2995       1       0                               0D0002804
     120    1637       0       0       0       0    2807       000010000D0002805
     120       0       0       1       0                               0D0002806
     124    1638       0       0       0       0       0       000000000D0002807
     124       0       0       1       1                               0D0002808
     110    1639       0       0       0       0       0       000010000D0002809
     110       0       0       1       0                               0D0002810
     110    1640       0       0       0       0       0       000010000D0002811
     110       0       0       1       0                               0D0002812
     142    1641       0       0       0       0       0       000010500D0002813
     142       0       0       1       0                               0D0002814
     102    1642       0       0       0       0       0       000010000D0002815
     102       0       0       1       0                               0D0002816
     110    1643       0       0       0       0       0       000010000D0002817
     110       0   -2995       1       0                               0D0002818
     110    1644       0       0       0       0       0       000010000D0002819
     110       0       0       1       0                               0D0002820
     110    1645       0       0       0       0       0       000010000D0002821
     110       0   -2995       1       0                               0D0002822
     110    1646       0       0       0       0       0       000010000D0002823
     110       0       0       2       0                               0D0002824
     102    1648       0       0       0       0       0       000010000D0002825
     102       0       0       1       0                               0D0002826
     110    1649       0       0       0       0       0       000010000D0002827
     110       0       0       1       0                               0D0002828
     100    1650       0       0       0       0    2831       000010000D0002829
     100       0       0       2       0                               0D0002830
     124    1652       0       0       0       0       0       000000000D0002831
     124       0       0       2       0                               0D0002832
     110    1654       0       0       0       0       0       000010000D0002833
     110       0       0       1       0                               0D0002834
     100    1655       0       0       0       0    2837       000010000D0002835
     100       0       0       2       0                               0D0002836
     124    1657       0       0       0       0       0       000000000D0002837
     124       0       0       2       0                               0D0002838
     144    1659       0       0       0       0       0       000020000D0002839
     144       0   -2995       1       0                               0D0002840
     120    1660       0       0       0       0    2843       000010000D0002841
     120       0       0       1       0                               0D0002842
     124    1661       0       0       0       0       0       000000000D0002843
     124       0       0       1       1                               0D0002844
     110    1662       0       0       0       0       0       000010000D0002845
     110       0       0       1       0                               0D0002846
     110    1663       0       0       0       0       0       000010000D0002847
     110       0       0       1       0                               0D0002848
     142    1664       0       0       0       0       0       000010500D0002849
     142       0       0       1       0                               0D0002850
     102    1665       0       0       0       0       0       000010000D0002851
     102       0       0       1       0                               0D0002852
     110    1666       0       0       0       0       0       000010000D0002853
     110       0   -2995       1       0                               0D0002854
     110    1667       0       0       0       0       0       000010000D0002855
     110       0       0       1       0                               0D0002856
     110    1668       0       0       0       0       0       000010000D0002857
     110       0   -2995       1       0                               0D0002858
     110    1669       0       0       0       0       0       000010000D0002859
     110       0       0       2       0                               0D0002860
     102    1671       0       0       0       0       0       000010000D0002861
     102       0       0       1       0                               0D0002862
     110    1672       0       0       0       0       0       000010000D0002863
     110       0       0       1       0                               0D0002864
     100    1673       0       0       0       0    2867       000010000D0002865
     100       0       0       2       0                               0D0002866
     124    1675       0       0       0       0       0       000000000D0002867
     124       0       0       2       0                               0D0002868
     110    1677       0       0       0       0       0       000010000D0002869
     110       0       0       1       0                               0D0002870
     100    1678       0       0       0       0    2873       000010000D0002871
     100       0       0       2       0                               0D0002872
     124    1680       0       0       0       0       0       000000000D0002873
     124       0       0       2       0                               0D0002874
     144    1682       0       0       0       0       0       000020000D0002875
     144       0   -2995       1       0                               0D0002876
     120    1683       0       0       0       0    2879       000010000D0002877
     120       0       0       1       0                               0D0002878
     124    1684       0       0       0       0       0       000000000D0002879
     124       0       0       1       0                               0D0002880
     110    1685       0       0       0       0       0       000010000D0002881
     110       0       0       1       0                               0D0002882
     110    1686       0       0       0       0       0       000010000D0002883
     110       0       0       1       0                               0D0002884
     142    1687       0       0       0       0       0       000010500D0002885
     142       0       0       1       0                               0D0002886
     102    1688       0       0       0       0       0       000010000D0002887
     102       0       0       1       0                               0D0002888
     110    1689       0       0       0       0       0       000010000D0002889
     110       0   -2995       1       0                               0D0002890
     110    1690       0       0       0       0       0       000010000D0002891
     110       0       0       2       0                               0D0002892
     110    1692       0       0       0       0       0       000010000D0002893
     110       0   -2995       1       0                               0D0002894
     110    1693       0       0       0       0       0       000010000D0002895
     110       0       0       1       0                               0D0002896
     102    1694       0       0       0       0       0       000010000D0002897
     102       0       0       1       0                               0D0002898
     110    1695       0       0       0       0       0       000010000D0002899
     110       0       0       1       0                               0D0002900
     100    1696       0       0       0       0    2903       000010000D0002901
     100       0       0       1       0                               0D0002902
     124    1697       0       0       0       0       0       000000000D0002903
     124       0       0       2       0                               0D0002904
     110    1699       0       0       0       0       0       000010000D0002905
     110       0       0       1       0                               0D0002906
     100    1700       0       0       0       0    2909       000010000D0002907
     100       0       0       1       0                               0D0002908
     124    1701       0       0       0       0       0       000000000D0002909
     124       0       0       2       0                               0D0002910
     144    1703       0       0       0       0       0       000020000D0002911
     144       0   -2995       1       0                               0D0002912
     108    1704       0       0       0       0       0       000010000D0002913
     108       0       0       1       0                               0D0002914
     142    1705       0       0       0       0       0       000010500D0002915
     142       0       0       1       0                               0D0002916
     102    1706       0       0       0       0       0       000010000D0002917
     102       0       0       2       0                               0D0002918
     110    1708       0       0       0       0       0       000010000D0002919
     110       0   -2995       1       0                               0D0002920
     110    1709       0       0       0       0       0       000010000D0002921
     110       0   -2995       1       0                               0D0002922
     110    1710       0       0       0       0       0       000010000D0002923
     110       0   -2995       1       0                               0D0002924
     100    1711       0       0       0       0    2927       000010000D0002925
     100       0   -2995       2       0                               0D0002926
     124    1713       0       0       0       0       0       000000000D0002927
     124       0       0       2       0                               0D0002928
     110    1715       0       0       0       0       0       000010000D0002929
     110       0   -2995       1       0                               0D0002930
     100    1716       0       0       0       0    2933       000010000D0002931
     100       0   -2995       1       0                               0D0002932
     124    1717       0       0       0       0       0       000000000D0002933
     124       0       0       2       0                               0D0002934
     110    1719       0       0       0       0       0       000010000D0002935
     110       0   -2995       1       0                               0D0002936
     110    1720       0       0       0       0       0       000010000D0002937
     110       0   -2995       1       0                               0D0002938
     110    1721       0       0       0       0       0       000010000D0002939
     110       0   -2995       1       0                               0D0002940
     100    1722       0       0       0       0    2943       000010000D0002941
     100       0   -2995       2       0                               0D0002942
     124    1724       0       0       0       0       0       000000000D0002943
     124       0       0       2       0                               0D0002944
     110    1726       0       0       0       0       0       000010000D0002945
     110       0   -2995       1       0                               0D0002946
     100    1727       0       0       0       0    2949       000010000D0002947
     100       0   -2995       1       0                               0D0002948
     124    1728       0       0       0       0       0       000000000D0002949
     124       0       0       2       0                               0D0002950
     144    1730       0       0       0       0       0       000020000D0002951
     144       0   -2995       1       0                               0D0002952
     108    1731       0       0       0       0       0       000010000D0002953
     108       0       0       1       0                               0D0002954
     142    1732       0       0       0       0       0       000010500D0002955
     142       0       0       1       0                               0D0002956
     102    1733       0       0       0       0       0       000010000D0002957
     102       0       0       2       0                               0D0002958
     110    1735       0       0       0       0       0       000010000D0002959
     110       0   -2995       1       0                               0D0002960
     110    1736       0       0       0       0       0       000010000D0002961
     110       0   -2995       1       0                               0D0002962
     110    1737       0       0       0       0       0       000010000D0002963
     110       0   -2995       1       0                               0D0002964
     100    1738       0       0       0       0    2967       000010000D0002965
     100       0   -2995       1       0                               0D0002966
     124    1739       0       0       0       0       0       000000000D0002967
     124       0       0       2       0                               0D0002968
     110    1741       0       0       0       0       0       000010000D0002969
     110       0   -2995       1       0                               0D0002970
     100    1742       0       0       0       0    2973       000010000D0002971
     100       0   -2995       2       0                               0D0002972
     124    1744       0       0       0       0       0       000000000D0002973
     124       0       0       2       0                               0D0002974
     110    1746       0       0       0       0       0       000010000D0002975
     110       0   -2995       1       0                               0D0002976
     110    1747       0       0       0       0       0       000010000D0002977
     110       0   -2995       1       0                               0D0002978
     110    1748       0       0       0       0       0       000010000D0002979
     110       0   -2995       1       0                               0D0002980
     100    1749       0       0       0       0    2983       000010000D0002981
     100       0   -2995       1       0                               0D0002982
     124    1750       0       0       0       0       0       000000000D0002983
     124       0       0       2       0                               0D0002984
     110    1752       0       0       0       0       0       000010000D0002985
     110       0   -2995       1       0                               0D0002986
     100    1753       0       0       0       0    2989       000010000D0002987
     100       0   -2995       2       0                               0D0002988
     124    1755       0       0       0       0       0       000000000D0002989
     124       0       0       2       0                               0D0002990
     314    1757       0       0       0       0       0       000000200D0002991
     314       0       0       1       0                               0D0002992
     314    1758       0       0       0       0       0       000000200D0002993
     314       0       0       1       0                               0D0002994
     314    1759       0       0       0       0       0       000000200D0002995
     314       0       0       1       0                               0D0002996
     406    1760       0       0       0       0       0       000000000D0002997
     406       0       0       1      15                               0D0002998
402,10,3,61,159,513,867,1221,1575,1929,2283,2637,0,1,2997;       0000001P0000001
402,3,5,41,51;                                                   0000003P0000002
144,7,1,0,15;                                                    0000005P0000003
120,11,13,-3.141592654,3.141592654;                              0000007P0000004
124,1.,0.,0.,-1.3,0.,1.,0.,1.905,0.,0.,1.,1.753;                 0000009P0000005
110,0.,0.,1.,0.,0.,0.;                                           0000011P0000006
110,9.9695E-02,0.,0.,9.9695E-02,0.,2.E-03;                       0000013P0000007
142,0,7,17,27,3;                                                 0000015P0000008
102,4,19,21,23,25;                                               0000017P0000009
110,1.,-3.141592654,0.,1.,3.141592654,0.;                        0000019P0000010
110,1.,3.141592654,0.,-3.487868498E-13,3.141592654,0.;           0000021P0000011
110,-3.487868498E-13,3.141592654,0.,-1.046360549E-12,            0000023P0000012
-3.141592654,0.;                                                 0000023P0000013
110,-1.046360549E-12,-3.141592654,0.,1.,-3.141592654,0.;         0000025P0000014
102,4,29,33,35,39;                                               0000027P0000015
100,0.,0.,0.,-9.9695E-02,0.,-9.9695E-02,0.;                      0000029P0000016
124,1.,0.,0.,-1.3,0.,-1.,0.,1.905,0.,0.,-1.,1.755;               0000031P0000017
126,1,1,1,0,1,0,0.,0.,2.E-03,2.E-03,1.,1.,-1.399695,1.905,1.755, 0000033P0000018
-1.399695,1.905,1.753,0.,2.E-03,1.,0.,-0.;                       0000033P0000019
100,0.,0.,0.,-9.9695E-02,0.,-9.9695E-02,0.;                      0000035P0000020
124,1.,0.,-0.,-1.3,0.,1.,0.,1.905,0.,0.,1.,1.753;                0000037P0000021
126,1,1,1,0,1,0,0.,0.,2.E-03,2.E-03,1.,1.,-1.399695,1.905,1.753, 0000039P0000022
-1.399695,1.905,1.755,0.,2.E-03,-1.,0.,-0.;                      0000039P0000023
144,43,1,0,45;                                                   0000041P0000024
108,-0.,-0.,-1.,-1.753,0,-1.3,1.905,1.753,0.;                    0000043P0000025
142,0,43,0,47,2;                                                 0000045P0000026
100,0.,0.,0.,-9.9695E-02,0.,-9.9695E-02,0.;                      0000047P0000027
124,1.,0.,0.,-1.3,0.,-1.,0.,1.905,0.,0.,-1.,1.753;               0000049P0000028
144,53,1,0,55;                                                   0000051P0000029
108,0.,0.,1.,1.755,0,-1.3,1.905,1.755,0.;                        0000053P0000030
142,0,53,0,57,2;                                                 0000055P0000031
100,0.,0.,0.,-9.9695E-02,0.,-9.9695E-02,0.;                      0000057P0000032
124,1.,0.,0.,-1.3,0.,1.,0.,1.905,0.,0.,1.,1.755;                 0000059P0000033
402,6,63,79,95,111,127,143;                                      0000061P0000034
144,65,1,0,67;                                                   0000063P0000035
108,0.,-1.,0.,2.515,0,-1.994,-2.515,0.102,0.;                    0000065P0000036
142,0,65,0,69,2;                                                 0000067P0000037
102,4,71,73,75,77;                                               0000069P0000038
110,-1.994,-2.515,0.102,1.994,-2.515,0.102;                      0000071P0000039
110,1.994,-2.515,0.102,1.994,-2.515,1.753;                       0000073P0000040
110,1.994,-2.515,1.753,-1.994,-2.515,1.753;                      0000075P0000041
110,-1.994,-2.515,1.753,-1.994,-2.515,0.102;                     0000077P0000042
144,81,1,0,83;                                                   0000079P0000043
108,1.,0.,0.,1.994,0,1.994,-2.515,0.102,0.;                      0000081P0000044
142,0,81,0,85,2;                                                 0000083P0000045
102,4,87,89,91,93;                                               0000085P0000046
110,1.994,-2.515,0.102,1.994,2.515,0.102;                        0000087P0000047
110,1.994,2.515,0.102,1.994,2.515,1.753;                         0000089P0000048
110,1.994,2.515,1.753,1.994,-2.515,1.753;                        0000091P0000049
110,1.994,-2.515,1.753,1.994,-2.515,0.102;                       0000093P0000050
144,97,1,0,99;                                                   0000095P0000051
108,0.,1.,0.,2.515,0,1.994,2.515,0.102,0.;                       0000097P0000052
142,0,97,0,101,2;                                                0000099P0000053
102,4,103,105,107,109;                                           0000101P0000054
110,1.994,2.515,0.102,-1.994,2.515,0.102;                        0000103P0000055
110,-1.994,2.515,0.102,-1.994,2.515,1.753;                       0000105P0000056
110,-1.994,2.515,1.753,1.994,2.515,1.753;                        0000107P0000057
110,1.994,2.515,1.753,1.994,2.515,0.102;                         0000109P0000058
144,113,1,0,115;                                                 0000111P0000059
108,-1.,0.,0.,1.994,0,-1.994,2.515,0.102,0.;                     0000113P0000060
142,0,113,0,117,2;                                               0000115P0000061
102,4,119,121,123,125;                                           0000117P0000062
110,-1.994,2.515,0.102,-1.994,-2.515,0.102;                      0000119P0000063
110,-1.994,-2.515,0.102,-1.994,-2.515,1.753;                     0000121P0000064
110,-1.994,-2.515,1.753,-1.994,2.515,1.753;                      0000123P0000065
110,-1.994,2.515,1.753,-1.994,2.515,0.102;                       0000125P0000066
144,129,1,0,131;                                                 0000127P0000067
108,0.,0.,-1.,-0.102,0,-1.994,2.515,0.102,0.;                    0000129P0000068
142,0,129,0,133,2;                                               0000131P0000069
102,4,135,137,139,141;                                           0000133P0000070
110,-1.994,2.515,0.102,1.994,2.515,0.102;                        0000135P0000071
110,1.994,2.515,0.102,1.994,-2.515,0.102;                        0000137P0000072
110,1.994,-2.515,0.102,-1.994,-2.515,0.102;                      0000139P0000073
110,-1.994,-2.515,0.102,-1.994,2.515,0.102;                      0000141P0000074
144,145,1,0,147;                                                 0000143P0000075
108,0.,0.,1.,1.753,0,-1.994,-2.515,1.753,0.;                     0000145P0000076
142,0,145,0,149,2;                                               0000147P0000077
102,4,151,153,155,157;                                           0000149P0000078
110,-1.994,-2.515,1.753,1.994,-2.515,1.753;                      0000151P0000079
110,1.994,-2.515,1.753,1.994,2.515,1.753;                        0000153P0000080
110,1.994,2.515,1.753,-1.994,2.515,1.753;                        0000155P0000081
110,-1.994,2.515,1.753,-1.994,-2.515,1.753;                      0000157P0000082
402,14,161,177,193,209,225,241,257,273,289,325,361,397,433,473;  0000159P0000083
144,163,1,0,165;                                                 0000161P0000084
108,1.,0.,0.,-1.994,0,-1.994,1.651,0.314,0.;                     0000163P0000085
142,0,163,0,167,2;                                               0000165P0000086
102,4,169,171,173,175;                                           0000167P0000087
110,-1.994,1.651,0.314,-1.994,2.159,0.314;                       0000169P0000088
110,-1.994,2.159,0.314,-1.994,2.159,0.419;                       0000171P0000089
110,-1.994,2.159,0.419,-1.994,1.651,0.419;                       0000173P0000090
110,-1.994,1.651,0.419,-1.994,1.651,0.314;                       0000175P0000091
144,179,1,0,181;                                                 0000177P0000092
108,0.,0.,1.,0.419,0,-1.994,1.651,0.419,0.;                      0000179P0000093
142,0,179,0,183,2;                                               0000181P0000094
102,4,185,187,189,191;                                           0000183P0000095
110,-1.994,1.651,0.419,-1.994,2.159,0.419;                       0000185P0000096
110,-1.994,2.159,0.419,-2.384,2.159,0.419;                       0000187P0000097
110,-2.384,2.159,0.419,-2.384,1.651,0.419;                       0000189P0000098
110,-2.384,1.651,0.419,-1.994,1.651,0.419;                       0000191P0000099
144,195,1,0,197;                                                 0000193P0000100
108,0.,0.,-1.,-0.314,0,-1.994,2.159,0.314,0.;                    0000195P0000101
142,0,195,0,199,2;                                               0000197P0000102
102,4,201,203,205,207;                                           0000199P0000103
110,-1.994,2.159,0.314,-1.994,1.651,0.314;                       0000201P0000104
110,-1.994,1.651,0.314,-2.384,1.651,0.314;                       0000203P0000105
110,-2.384,1.651,0.314,-2.384,2.159,0.314;                       0000205P0000106
110,-2.384,2.159,0.314,-1.994,2.159,0.314;                       0000207P0000107
144,211,1,0,213;                                                 0000209P0000108
108,-0.965885549,0.,0.258969314,2.566161928,0,-2.608,2.159,      0000211P0000109
0.182,0.;                                                        0000211P0000110
142,0,211,0,215,2;                                               0000213P0000111
102,4,217,219,221,223;                                           0000215P0000112
110,-2.608,2.159,0.182,-2.608,1.651,0.182;                       0000217P0000113
110,-2.607986479,1.651,0.181996375,-2.586,1.651,0.264;           0000219P0000114
110,-2.586,1.651,0.264,-2.586,2.159,0.264;                       0000221P0000115
110,-2.586013521,2.159,0.264003625,-2.608,2.159,0.182;           0000223P0000116
144,227,1,0,229;                                                 0000225P0000117
108,0.965885549,0.,-0.258969314,-2.461615316,0,-2.507,1.651,     0000227P0000118
0.155,0.;                                                        0000227P0000119
142,0,227,0,231,2;                                               0000229P0000120
102,4,233,235,237,239;                                           0000231P0000121
110,-2.507,1.651,0.155,-2.507,2.159,0.155;                       0000233P0000122
110,-2.506986479,2.159,0.154996375,-2.485,2.159,0.237;           0000235P0000123
110,-2.485,2.159,0.237,-2.485,1.651,0.237;                       0000237P0000124
110,-2.485013521,1.651,0.237003625,-2.507,1.651,0.155;           0000239P0000125
144,243,1,0,245;                                                 0000241P0000126
108,0.,0.,1.,0.105,0,-3.099,2.159,0.105,0.;                      0000243P0000127
142,0,243,0,247,2;                                               0000245P0000128
102,4,249,251,253,255;                                           0000247P0000129
110,-3.099,2.159,0.105,-3.099,1.651,0.105;                       0000249P0000130
110,-3.099,1.651,0.105,-2.709,1.651,0.105;                       0000251P0000131
110,-2.709,1.651,0.105,-2.709,2.159,0.105;                       0000253P0000132
110,-2.709,2.159,0.105,-3.099,2.159,0.105;                       0000255P0000133
144,259,1,0,261;                                                 0000257P0000134
108,0.,0.,-1.,0.,0,-2.709,2.159,0.,0.;                           0000259P0000135
142,0,259,0,263,2;                                               0000261P0000136
102,4,265,267,269,271;                                           0000263P0000137
110,-2.709,2.159,0.,-2.709,1.651,0.;                             0000265P0000138
110,-2.709,1.651,0.,-3.099,1.651,0.;                             0000267P0000139
110,-3.099,1.651,0.,-3.099,2.159,0.;                             0000269P0000140
110,-3.099,2.159,0.,-2.709,2.159,0.;                             0000271P0000141
144,275,1,0,277;                                                 0000273P0000142
108,-1.,0.,0.,3.099,0,-3.099,2.159,0.,0.;                        0000275P0000143
142,0,275,0,279,2;                                               0000277P0000144
102,4,281,283,285,287;                                           0000279P0000145
110,-3.099,2.159,0.,-3.099,1.651,0.;                             0000281P0000146
110,-3.099,1.651,0.,-3.099,1.651,0.105;                          0000283P0000147
110,-3.099,1.651,0.105,-3.099,2.159,0.105;                       0000285P0000148
110,-3.099,2.159,0.105,-3.099,2.159,0.;                          0000287P0000149
144,291,1,0,299;                                                 0000289P0000150
120,295,297,4.973607515,6.283185307;                             0000291P0000151
124,0.,-1.,0.,-2.384,0.,0.,-1.,1.651,1.,0.,0.,0.21;              0000293P0000152
110,0.,0.,1.,0.,0.,0.;                                           0000295P0000153
110,0.20955,0.,-0.508,0.20955,0.,0.;                             0000297P0000154
142,0,291,301,311,3;                                             0000299P0000155
102,4,303,305,307,309;                                           0000301P0000156
110,1.,6.283185307,0.,-2.220446049E-16,6.283185307,0.;           0000303P0000157
110,3.944304526E-31,6.283185307,0.,-5.724107943E-16,4.973607515, 0000305P0000158
0.;                                                              0000305P0000159
110,-5.724107943E-16,4.973607515,0.,1.,4.973607515,0.;           0000307P0000160
110,1.,4.973607515,0.,1.,6.283185307,0.;                         0000309P0000161
102,4,313,315,319,321;                                           0000311P0000162
110,-2.384,1.651,0.419,-2.384,2.159,0.419;                       0000313P0000163
100,0.,0.,0.,0.127633182,0.166195588,-0.127595286,0.166224684;   0000315P0000164
124,0.793107077,-0.609082232,0.,-2.384,0.,0.,-1.,2.159,          0000317P0000165
0.609082232,0.793107077,-0.,0.21;                                0000317P0000166
110,-2.586,2.159,0.264,-2.586,1.651,0.264;                       0000319P0000167
100,0.,0.,0.,0.127595286,0.166224684,-0.127633182,0.166195588;   0000321P0000168
124,-0.793107077,-0.609082232,0.,-2.384,0.,0.,1.,1.651,          0000323P0000169
-0.609082232,0.793107077,0.,0.21;                                0000323P0000170
144,327,1,0,335;                                                 0000325P0000171
120,331,333,3.141592654,4.451170446;                             0000327P0000172
124,0.,-1.,0.,-2.384,0.,0.,-1.,2.159,-1.,-0.,0.,0.21;            0000329P0000173
110,0.,0.,1.,0.,0.,0.;                                           0000331P0000174
110,0.104775,0.,0.,0.104775,0.,0.508;                            0000333P0000175
142,0,327,337,347,3;                                             0000335P0000176
102,4,339,341,343,345;                                           0000337P0000177
110,-1.373176574E-15,3.141592654,0.,1.,3.141592654,0.;           0000339P0000178
110,1.,3.141592654,0.,1.,4.451170446,0.;                         0000341P0000179
110,1.,4.451170446,0.,-1.110223025E-15,4.451170446,0.;           0000343P0000180
110,-8.007657798E-16,4.451170446,0.,-1.373176574E-15,            0000345P0000181
3.141592654,0.;                                                  0000345P0000182
102,4,349,351,355,357;                                           0000347P0000183
110,-2.384,2.159,0.314,-2.384,1.651,0.314;                       0000349P0000184
100,0.,0.,0.,6.381659082E-02,8.309779396E-02,-6.379764302E-02,   0000351P0000185
8.311234186E-02;                                                 0000351P0000186
124,0.793107077,-0.609082232,0.,-2.384,0.,0.,-1.,1.651,          0000353P0000187
0.609082232,0.793107077,-0.,0.21;                                0000353P0000188
110,-2.485,1.651,0.237,-2.485,2.159,0.237;                       0000355P0000189
100,0.,0.,0.,6.379764302E-02,8.311234186E-02,-6.381659082E-02,   0000357P0000190
8.309779396E-02;                                                 0000357P0000191
124,-0.793107077,-0.609082232,0.,-2.384,0.,0.,1.,2.159,          0000359P0000192
-0.609082232,0.793107077,0.,0.21;                                0000359P0000193
144,363,1,0,371;                                                 0000361P0000194
120,367,369,3.141592654,4.441952855;                             0000363P0000195
124,0.,1.,0.,-2.709,0.,-0.,-1.,2.159,1.,0.,0.,0.21;              0000365P0000196
110,0.,0.,1.,0.,0.,0.;                                           0000367P0000197
110,0.104775,0.,0.,0.104775,0.,0.508;                            0000369P0000198
142,0,363,373,383,3;                                             0000371P0000199
102,4,375,377,379,381;                                           0000373P0000200
110,-1.373176574E-15,3.141592654,0.,1.,3.141592654,0.;           0000375P0000201
110,1.,3.141592654,0.,1.,4.441952855,0.;                         0000377P0000202
110,1.,4.441952855,0.,-1.110223025E-15,4.441952855,0.;           0000379P0000203
110,-8.047947488E-16,4.441952855,0.,-1.373176574E-15,            0000381P0000204
3.141592654,0.;                                                  0000381P0000205
102,4,385,387,391,393;                                           0000383P0000206
110,-2.709,2.159,0.105,-2.709,1.651,0.105;                       0000385P0000207
100,0.,0.,0.,6.381659082E-02,8.309779396E-02,-6.30288481E-02,    0000387P0000208
8.369686333E-02;                                                 0000387P0000209
124,-0.793107077,0.609082232,0.,-2.709,0.,0.,-1.,1.651,          0000389P0000210
-0.609082232,-0.793107077,-0.,0.21;                              0000389P0000211
110,-2.608,1.651,0.182,-2.608,2.159,0.182;                       0000391P0000212
100,0.,0.,0.,6.30288481E-02,8.369686333E-02,-6.381659082E-02,    0000393P0000213
8.309779396E-02;                                                 0000393P0000214
124,0.793107077,0.609082232,0.,-2.709,0.,0.,1.,2.159,            0000395P0000215
0.609082232,-0.793107077,0.,0.21;                                0000395P0000216
144,399,1,0,407;                                                 0000397P0000217
120,403,405,4.978222094,6.283185307;                             0000399P0000218
124,0.,1.,0.,-2.709,0.,0.,-1.,2.159,-1.,0.,0.,0.21;              0000401P0000219
110,0.,0.,1.,0.,0.,0.;                                           0000403P0000220
110,0.20955,0.,0.,0.20955,0.,0.508;                              0000405P0000221
142,0,399,409,419,3;                                             0000407P0000222
102,4,411,413,415,417;                                           0000409P0000223
110,1.,6.283185307,0.,-2.220446049E-16,6.283185307,0.;           0000411P0000224
110,3.944304526E-31,6.283185307,0.,-5.703937819E-16,4.978222094, 0000413P0000225
0.;                                                              0000413P0000226
110,-5.703937819E-16,4.978222094,0.,1.,4.978222094,0.;           0000415P0000227
110,1.,4.978222094,0.,1.,6.283185307,0.;                         0000417P0000228
102,4,421,423,427,429;                                           0000419P0000229
110,-2.709,1.651,0.,-2.709,2.159,0.;                             0000421P0000230
100,0.,0.,0.,0.127633182,0.166195588,-0.126826873,0.16681171;    0000423P0000231
124,-0.793107077,0.609082232,0.,-2.709,0.,0.,-1.,2.159,          0000425P0000232
-0.609082232,-0.793107077,-0.,0.21;                              0000425P0000233
110,-2.507,2.159,0.155,-2.507,1.651,0.155;                       0000427P0000234
100,0.,0.,0.,0.126826873,0.16681171,-0.127633182,0.166195588;    0000429P0000235
124,0.793107077,0.609082232,0.,-2.709,0.,0.,1.,1.651,            0000431P0000236
0.609082232,-0.793107077,0.,0.21;                                0000431P0000237
144,435,1,0,437;                                                 0000433P0000238
108,0.,1.,0.,2.159,0,-1.994,2.159,0.314,0.;                      0000435P0000239
142,0,435,0,439,2;                                               0000437P0000240
102,12,441,443,445,447,451,453,457,459,461,463,467,469;          0000439P0000241
110,-2.384,2.159,0.419,-1.994,2.159,0.419;                       0000441P0000242
110,-1.994,2.159,0.419,-1.994,2.159,0.314;                       0000443P0000243
110,-1.994,2.159,0.314,-2.384,2.159,0.314;                       0000445P0000244
100,0.,0.,0.,-6.381659082E-02,-8.309779396E-02,6.379764302E-02,  0000447P0000245
-8.311234186E-02;                                                0000447P0000246
124,-0.793107077,0.609082232,0.,-2.384,0.,0.,-1.,2.159,          0000449P0000247
-0.609082232,-0.793107077,0.,0.21;                               0000449P0000248
110,-2.485,2.159,0.237,-2.506986479,2.159,0.154996375;           0000451P0000249
100,0.,0.,0.,-0.126826873,-0.16681171,0.127633182,-0.166195588;  0000453P0000250
124,-0.793107077,-0.609082232,0.,-2.709,0.,0.,1.,2.159,          0000455P0000251
-0.609082232,0.793107077,0.,0.21;                                0000455P0000252
110,-2.709,2.159,0.,-3.099,2.159,0.;                             0000457P0000253
110,-3.099,2.159,0.,-3.099,2.159,0.105;                          0000459P0000254
110,-3.099,2.159,0.105,-2.709,2.159,0.105;                       0000461P0000255
100,0.,0.,0.,-6.381659082E-02,-8.309779396E-02,6.30288481E-02,   0000463P0000256
-8.369686333E-02;                                                0000463P0000257
124,0.793107077,-0.609082232,0.,-2.709,0.,0.,-1.,2.159,          0000465P0000258
0.609082232,0.793107077,0.,0.21;                                 0000465P0000259
110,-2.608,2.159,0.182,-2.586013521,2.159,0.264003625;           0000467P0000260
100,0.,0.,0.,-0.127595286,-0.166224684,0.127633182,-0.166195588; 0000469P0000261
124,0.793107077,0.609082232,0.,-2.384,0.,0.,1.,2.159,            0000471P0000262
0.609082232,-0.793107077,0.,0.21;                                0000471P0000263
144,475,1,0,477;                                                 0000473P0000264
108,0.,-1.,0.,-1.651,0,-2.709,1.651,0.105,0.;                    0000475P0000265
142,0,475,0,479,2;                                               0000477P0000266
102,12,481,483,485,487,491,493,497,499,501,503,507,509;          0000479P0000267
110,-2.384,1.651,0.314,-1.994,1.651,0.314;                       0000481P0000268
110,-1.994,1.651,0.314,-1.994,1.651,0.419;                       0000483P0000269
110,-1.994,1.651,0.419,-2.384,1.651,0.419;                       0000485P0000270
100,0.,0.,0.,-0.127633182,-0.166195588,0.127595286,-0.166224684; 0000487P0000271
124,-0.793107077,0.609082232,0.,-2.384,0.,0.,-1.,1.651,          0000489P0000272
-0.609082232,-0.793107077,0.,0.21;                               0000489P0000273
110,-2.586,1.651,0.264,-2.607986479,1.651,0.181996375;           0000491P0000274
100,0.,0.,0.,-6.30288481E-02,-8.369686333E-02,6.381659082E-02,   0000493P0000275
-8.309779396E-02;                                                0000493P0000276
124,-0.793107077,-0.609082232,0.,-2.709,0.,0.,1.,1.651,          0000495P0000277
-0.609082232,0.793107077,0.,0.21;                                0000495P0000278
110,-2.709,1.651,0.105,-3.099,1.651,0.105;                       0000497P0000279
110,-3.099,1.651,0.105,-3.099,1.651,0.;                          0000499P0000280
110,-3.099,1.651,0.,-2.709,1.651,0.;                             0000501P0000281
100,0.,0.,0.,-0.127633182,-0.166195588,0.126826873,-0.16681171;  0000503P0000282
124,0.793107077,-0.609082232,0.,-2.709,0.,0.,-1.,1.651,          0000505P0000283
0.609082232,0.793107077,0.,0.21;                                 0000505P0000284
110,-2.507,1.651,0.155,-2.485013521,1.651,0.237003625;           0000507P0000285
100,0.,0.,0.,-6.379764302E-02,-8.311234186E-02,6.381659082E-02,  0000509P0000286
-8.309779396E-02;                                                0000509P0000287
124,0.793107077,0.609082232,0.,-2.384,0.,0.,1.,1.651,            0000511P0000288
0.609082232,-0.793107077,0.,0.21;                                0000511P0000289
402,14,515,531,547,563,579,595,611,627,643,679,715,751,787,827;  0000513P0000290
144,517,1,0,519;                                                 0000515P0000291
108,1.,0.,0.,-1.994,0,-1.994,0.381,0.314,0.;                     0000517P0000292
142,0,517,0,521,2;                                               0000519P0000293
102,4,523,525,527,529;                                           0000521P0000294
110,-1.994,0.381,0.314,-1.994,0.889,0.314;                       0000523P0000295
110,-1.994,0.889,0.314,-1.994,0.889,0.419;                       0000525P0000296
110,-1.994,0.889,0.419,-1.994,0.381,0.419;                       0000527P0000297
110,-1.994,0.381,0.419,-1.994,0.381,0.314;                       0000529P0000298
144,533,1,0,535;                                                 0000531P0000299
108,0.,0.,1.,0.419,0,-1.994,0.381,0.419,0.;                      0000533P0000300
142,0,533,0,537,2;                                               0000535P0000301
102,4,539,541,543,545;                                           0000537P0000302
110,-1.994,0.381,0.419,-1.994,0.889,0.419;                       0000539P0000303
110,-1.994,0.889,0.419,-2.384,0.889,0.419;                       0000541P0000304
110,-2.384,0.889,0.419,-2.384,0.381,0.419;                       0000543P0000305
110,-2.384,0.381,0.419,-1.994,0.381,0.419;                       0000545P0000306
144,549,1,0,551;                                                 0000547P0000307
108,0.,0.,-1.,-0.314,0,-1.994,0.889,0.314,0.;                    0000549P0000308
142,0,549,0,553,2;                                               0000551P0000309
102,4,555,557,559,561;                                           0000553P0000310
110,-1.994,0.889,0.314,-1.994,0.381,0.314;                       0000555P0000311
110,-1.994,0.381,0.314,-2.384,0.381,0.314;                       0000557P0000312
110,-2.384,0.381,0.314,-2.384,0.889,0.314;                       0000559P0000313
110,-2.384,0.889,0.314,-1.994,0.889,0.314;                       0000561P0000314
144,565,1,0,567;                                                 0000563P0000315
108,-0.965885549,0.,0.258969314,2.566161928,0,-2.608,0.889,      0000565P0000316
0.182,0.;                                                        0000565P0000317
142,0,565,0,569,2;                                               0000567P0000318
102,4,571,573,575,577;                                           0000569P0000319
110,-2.608,0.889,0.182,-2.608,0.381,0.182;                       0000571P0000320
110,-2.607986479,0.381,0.181996375,-2.586,0.381,0.264;           0000573P0000321
110,-2.586,0.381,0.264,-2.586,0.889,0.264;                       0000575P0000322
110,-2.586013521,0.889,0.264003625,-2.608,0.889,0.182;           0000577P0000323
144,581,1,0,583;                                                 0000579P0000324
108,0.965885549,0.,-0.258969314,-2.461615316,0,-2.507,0.381,     0000581P0000325
0.155,0.;                                                        0000581P0000326
142,0,581,0,585,2;                                               0000583P0000327
102,4,587,589,591,593;                                           0000585P0000328
110,-2.507,0.381,0.155,-2.507,0.889,0.155;                       0000587P0000329
110,-2.506986479,0.889,0.154996375,-2.485,0.889,0.237;           0000589P0000330
110,-2.485,0.889,0.237,-2.485,0.381,0.237;                       0000591P0000331
110,-2.485013521,0.381,0.237003625,-2.507,0.381,0.155;           0000593P0000332
144,597,1,0,599;                                                 0000595P0000333
108,0.,0.,1.,0.105,0,-3.099,0.889,0.105,0.;                      0000597P0000334
142,0,597,0,601,2;                                               0000599P0000335
102,4,603,605,607,609;                                           0000601P0000336
110,-3.099,0.889,0.105,-3.099,0.381,0.105;                       0000603P0000337
110,-3.099,0.381,0.105,-2.709,0.381,0.105;                       0000605P0000338
110,-2.709,0.381,0.105,-2.709,0.889,0.105;                       0000607P0000339
110,-2.709,0.889,0.105,-3.099,0.889,0.105;                       0000609P0000340
144,613,1,0,615;                                                 0000611P0000341
108,0.,0.,-1.,0.,0,-2.709,0.889,0.,0.;                           0000613P0000342
142,0,613,0,617,2;                                               0000615P0000343
102,4,619,621,623,625;                                           0000617P0000344
110,-2.709,0.889,0.,-2.709,0.381,0.;                             0000619P0000345
110,-2.709,0.381,0.,-3.099,0.381,0.;                             0000621P0000346
110,-3.099,0.381,0.,-3.099,0.889,0.;                             0000623P0000347
110,-3.099,0.889,0.,-2.709,0.889,0.;                             0000625P0000348
144,629,1,0,631;                                                 0000627P0000349
108,-1.,0.,0.,3.099,0,-3.099,0.889,0.,0.;                        0000629P0000350
142,0,629,0,633,2;                                               0000631P0000351
102,4,635,637,639,641;                                           0000633P0000352
110,-3.099,0.889,0.,-3.099,0.381,0.;                             0000635P0000353
110,-3.099,0.381,0.,-3.099,0.381,0.105;                          0000637P0000354
110,-3.099,0.381,0.105,-3.099,0.889,0.105;                       0000639P0000355
110,-3.099,0.889,0.105,-3.099,0.889,0.;                          0000641P0000356
144,645,1,0,653;                                                 0000643P0000357
120,649,651,4.973607515,6.283185307;                             0000645P0000358
124,0.,-1.,0.,-2.384,0.,0.,-1.,0.381,1.,0.,0.,0.21;              0000647P0000359
110,0.,0.,1.,0.,0.,0.;                                           0000649P0000360
110,0.20955,0.,-0.508,0.20955,0.,0.;                             0000651P0000361
142,0,645,655,665,3;                                             0000653P0000362
102,4,657,659,661,663;                                           0000655P0000363
110,1.,6.283185307,0.,-2.220446049E-16,6.283185307,0.;           0000657P0000364
110,3.944304526E-31,6.283185307,0.,-5.724107943E-16,4.973607515, 0000659P0000365
0.;                                                              0000659P0000366
110,-5.724107943E-16,4.973607515,0.,1.,4.973607515,0.;           0000661P0000367
110,1.,4.973607515,0.,1.,6.283185307,0.;                         0000663P0000368
102,4,667,669,673,675;                                           0000665P0000369
110,-2.384,0.381,0.419,-2.384,0.889,0.419;                       0000667P0000370
100,0.,0.,0.,0.127633182,0.166195588,-0.127595286,0.166224684;   0000669P0000371
124,0.793107077,-0.609082232,0.,-2.384,0.,0.,-1.,0.889,          0000671P0000372
0.609082232,0.793107077,-0.,0.21;                                0000671P0000373
110,-2.586,0.889,0.264,-2.586,0.381,0.264;                       0000673P0000374
100,0.,0.,0.,0.127595286,0.166224684,-0.127633182,0.166195588;   0000675P0000375
124,-0.793107077,-0.609082232,0.,-2.384,0.,0.,1.,0.381,          0000677P0000376
-0.609082232,0.793107077,0.,0.21;                                0000677P0000377
144,681,1,0,689;                                                 0000679P0000378
120,685,687,3.141592654,4.451170446;                             0000681P0000379
124,0.,-1.,0.,-2.384,0.,0.,-1.,0.889,-1.,-0.,0.,0.21;            0000683P0000380
110,0.,0.,1.,0.,0.,0.;                                           0000685P0000381
110,0.104775,0.,0.,0.104775,0.,0.508;                            0000687P0000382
142,0,681,691,701,3;                                             0000689P0000383
102,4,693,695,697,699;                                           0000691P0000384
110,-1.373176574E-15,3.141592654,0.,1.,3.141592654,0.;           0000693P0000385
110,1.,3.141592654,0.,1.,4.451170446,0.;                         0000695P0000386
110,1.,4.451170446,0.,-9.992007222E-16,4.451170446,0.;           0000697P0000387
110,-8.007657798E-16,4.451170446,0.,-1.373176574E-15,            0000699P0000388
3.141592654,0.;                                                  0000699P0000389
102,4,703,705,709,711;                                           0000701P0000390
110,-2.384,0.889,0.314,-2.384,0.381,0.314;                       0000703P0000391
100,0.,0.,0.,6.381659082E-02,8.309779396E-02,-6.379764302E-02,   0000705P0000392
8.311234186E-02;                                                 0000705P0000393
124,0.793107077,-0.609082232,0.,-2.384,0.,0.,-1.,0.381,          0000707P0000394
0.609082232,0.793107077,-0.,0.21;                                0000707P0000395
110,-2.485,0.381,0.237,-2.485,0.889,0.237;                       0000709P0000396
100,0.,0.,0.,6.379764302E-02,8.311234186E-02,-6.381659082E-02,   0000711P0000397
8.309779396E-02;                                                 0000711P0000398
124,-0.793107077,-0.609082232,0.,-2.384,0.,0.,1.,0.889,          0000713P0000399
-0.609082232,0.793107077,0.,0.21;                                0000713P0000400
144,717,1,0,725;                                                 0000715P0000401
120,721,723,3.141592654,4.441952855;                             0000717P0000402
124,0.,1.,0.,-2.709,0.,-0.,-1.,0.889,1.,0.,0.,0.21;              0000719P0000403
110,0.,0.,1.,0.,0.,0.;                                           0000721P0000404
110,0.104775,0.,0.,0.104775,0.,0.508;                            0000723P0000405
142,0,717,727,737,3;                                             0000725P0000406
102,4,729,731,733,735;                                           0000727P0000407
110,-1.373176574E-15,3.141592654,0.,1.,3.141592654,0.;           0000729P0000408
110,1.,3.141592654,0.,1.,4.441952855,0.;                         0000731P0000409
110,1.,4.441952855,0.,-9.992007222E-16,4.441952855,0.;           0000733P0000410
110,-8.047947488E-16,4.441952855,0.,-1.373176574E-15,            0000735P0000411
3.141592654,0.;                                                  0000735P0000412
102,4,739,741,745,747;                                           0000737P0000413
110,-2.709,0.889,0.105,-2.709,0.381,0.105;                       0000739P0000414
100,0.,0.,0.,6.381659082E-02,8.309779396E-02,-6.30288481E-02,    0000741P0000415
8.369686333E-02;                                                 0000741P0000416
124,-0.793107077,0.609082232,0.,-2.709,0.,0.,-1.,0.381,          0000743P0000417
-0.609082232,-0.793107077,-0.,0.21;                              0000743P0000418
110,-2.608,0.381,0.182,-2.608,0.889,0.182;                       0000745P0000419
100,0.,0.,0.,6.30288481E-02,8.369686333E-02,-6.381659082E-02,    0000747P0000420
8.309779396E-02;                                                 0000747P0000421
124,0.793107077,0.609082232,0.,-2.709,0.,0.,1.,0.889,            0000749P0000422
0.609082232,-0.793107077,0.,0.21;                                0000749P0000423
144,753,1,0,761;                                                 0000751P0000424
120,757,759,4.978222094,6.283185307;                             0000753P0000425
124,0.,1.,0.,-2.709,0.,0.,-1.,0.889,-1.,0.,0.,0.21;              0000755P0000426
110,0.,0.,1.,0.,0.,0.;                                           0000757P0000427
110,0.20955,0.,0.,0.20955,0.,0.508;                              0000759P0000428
142,0,753,763,773,3;                                             0000761P0000429
102,4,765,767,769,771;                                           0000763P0000430
110,1.,6.283185307,0.,-2.220446049E-16,6.283185307,0.;           0000765P0000431
110,3.944304526E-31,6.283185307,0.,-5.703937819E-16,4.978222094, 0000767P0000432
0.;                                                              0000767P0000433
110,-5.703937819E-16,4.978222094,0.,1.,4.978222094,0.;           0000769P0000434
110,1.,4.978222094,0.,1.,6.283185307,0.;                         0000771P0000435
102,4,775,777,781,783;                                           0000773P0000436
110,-2.709,0.381,0.,-2.709,0.889,0.;                             0000775P0000437
100,0.,0.,0.,0.127633182,0.166195588,-0.126826873,0.16681171;    0000777P0000438
124,-0.793107077,0.609082232,0.,-2.709,0.,0.,-1.,0.889,          0000779P0000439
-0.609082232,-0.793107077,-0.,0.21;                              0000779P0000440
110,-2.507,0.889,0.155,-2.507,0.381,0.155;                       0000781P0000441
100,0.,0.,0.,0.126826873,0.16681171,-0.127633182,0.166195588;    0000783P0000442
124,0.793107077,0.609082232,0.,-2.709,0.,0.,1.,0.381,            0000785P0000443
0.609082232,-0.793107077,0.,0.21;                                0000785P0000444
144,789,1,0,791;                                                 0000787P0000445
108,0.,1.,0.,0.889,0,-1.994,0.889,0.314,0.;                      0000789P0000446
142,0,789,0,793,2;                                               0000791P0000447
102,12,795,797,799,801,805,807,811,813,815,817,821,823;          0000793P0000448
110,-2.384,0.889,0.419,-1.994,0.889,0.419;                       0000795P0000449
110,-1.994,0.889,0.419,-1.994,0.889,0.314;                       0000797P0000450
110,-1.994,0.889,0.314,-2.384,0.889,0.314;                       0000799P0000451
100,0.,0.,0.,-6.381659082E-02,-8.309779396E-02,6.379764302E-02,  0000801P0000452
-8.311234186E-02;                                                0000801P0000453
124,-0.793107077,0.609082232,0.,-2.384,0.,0.,-1.,0.889,          0000803P0000454
-0.609082232,-0.793107077,0.,0.21;                               0000803P0000455
110,-2.485,0.889,0.237,-2.506986479,0.889,0.154996375;           0000805P0000456
100,0.,0.,0.,-0.126826873,-0.16681171,0.127633182,-0.166195588;  0000807P0000457
124,-0.793107077,-0.609082232,0.,-2.709,0.,0.,1.,0.889,          0000809P0000458
-0.609082232,0.793107077,0.,0.21;                                0000809P0000459
110,-2.709,0.889,0.,-3.099,0.889,0.;                             0000811P0000460
110,-3.099,0.889,0.,-3.099,0.889,0.105;                          0000813P0000461
110,-3.099,0.889,0.105,-2.709,0.889,0.105;                       0000815P0000462
100,0.,0.,0.,-6.381659082E-02,-8.309779396E-02,6.30288481E-02,   0000817P0000463
-8.369686333E-02;                                                0000817P0000464
124,0.793107077,-0.609082232,0.,-2.709,0.,0.,-1.,0.889,          0000819P0000465
0.609082232,0.793107077,0.,0.21;                                 0000819P0000466
110,-2.608,0.889,0.182,-2.586013521,0.889,0.264003625;           0000821P0000467
100,0.,0.,0.,-0.127595286,-0.166224684,0.127633182,-0.166195588; 0000823P0000468
124,0.793107077,0.609082232,0.,-2.384,0.,0.,1.,0.889,            0000825P0000469
0.609082232,-0.793107077,0.,0.21;                                0000825P0000470
144,829,1,0,831;                                                 0000827P0000471
108,0.,-1.,0.,-0.381,0,-2.709,0.381,0.105,0.;                    0000829P0000472
142,0,829,0,833,2;                                               0000831P0000473
102,12,835,837,839,841,845,847,851,853,855,857,861,863;          0000833P0000474
110,-2.384,0.381,0.314,-1.994,0.381,0.314;                       0000835P0000475
110,-1.994,0.381,0.314,-1.994,0.381,0.419;                       0000837P0000476
110,-1.994,0.381,0.419,-2.384,0.381,0.419;                       0000839P0000477
100,0.,0.,0.,-0.127633182,-0.166195588,0.127595286,-0.166224684; 0000841P0000478
124,-0.793107077,0.609082232,0.,-2.384,0.,0.,-1.,0.381,          0000843P0000479
-0.609082232,-0.793107077,0.,0.21;                               0000843P0000480
110,-2.586,0.381,0.264,-2.607986479,0.381,0.181996375;           0000845P0000481
100,0.,0.,0.,-6.30288481E-02,-8.369686333E-02,6.381659082E-02,   0000847P0000482
-8.309779396E-02;                                                0000847P0000483
124,-0.793107077,-0.609082232,0.,-2.709,0.,0.,1.,0.381,          0000849P0000484
-0.609082232,0.793107077,0.,0.21;                                0000849P0000485
110,-2.709,0.381,0.105,-3.099,0.381,0.105;                       0000851P0000486
110,-3.099,0.381,0.105,-3.099,0.381,0.;                          0000853P0000487
110,-3.099,0.381,0.,-2.709,0.381,0.;                             0000855P0000488
100,0.,0.,0.,-0.127633182,-0.166195588,0.126826873,-0.16681171;  0000857P0000489
124,0.793107077,-0.609082232,0.,-2.709,0.,0.,-1.,0.381,          0000859P0000490
0.609082232,0.793107077,0.,0.21;                                 0000859P0000491
110,-2.507,0.381,0.155,-2.485013521,0.381,0.237003625;           0000861P0000492
100,0.,0.,0.,-6.379764302E-02,-8.311234186E-02,6.381659082E-02,  0000863P0000493
-8.309779396E-02;                                                0000863P0000494
124,0.793107077,0.609082232,0.,-2.384,0.,0.,1.,0.381,            0000865P0000495
0.609082232,-0.793107077,0.,0.21;                                0000865P0000496
402,14,869,885,901,917,933,949,965,981,997,1033,1069,1105,1141,  0000867P0000497
1181;                                                            0000867P0000498
144,871,1,0,873;                                                 0000869P0000499
108,1.,0.,0.,-1.994,0,-1.994,-0.889,0.314,0.;                    0000871P0000500
142,0,871,0,875,2;                                               0000873P0000501
102,4,877,879,881,883;                                           0000875P0000502
110,-1.994,-0.889,0.314,-1.994,-0.381,0.314;                     0000877P0000503
110,-1.994,-0.381,0.314,-1.994,-0.381,0.419;                     0000879P0000504
110,-1.994,-0.381,0.419,-1.994,-0.889,0.419;                     0000881P0000505
110,-1.994,-0.889,0.419,-1.994,-0.889,0.314;                     0000883P0000506
144,887,1,0,889;                                                 0000885P0000507
108,0.,0.,1.,0.419,0,-1.994,-0.889,0.419,0.;                     0000887P0000508
142,0,887,0,891,2;                                               0000889P0000509
102,4,893,895,897,899;                                           0000891P0000510
110,-1.994,-0.889,0.419,-1.994,-0.381,0.419;                     0000893P0000511
110,-1.994,-0.381,0.419,-2.384,-0.381,0.419;                     0000895P0000512
110,-2.384,-0.381,0.419,-2.384,-0.889,0.419;                     0000897P0000513
110,-2.384,-0.889,0.419,-1.994,-0.889,0.419;                     0000899P0000514
144,903,1,0,905;                                                 0000901P0000515
108,0.,0.,-1.,-0.314,0,-1.994,-0.381,0.314,0.;                   0000903P0000516
142,0,903,0,907,2;                                               0000905P0000517
102,4,909,911,913,915;                                           0000907P0000518
110,-1.994,-0.381,0.314,-1.994,-0.889,0.314;                     0000909P0000519
110,-1.994,-0.889,0.314,-2.384,-0.889,0.314;                     0000911P0000520
110,-2.384,-0.889,0.314,-2.384,-0.381,0.314;                     0000913P0000521
110,-2.384,-0.381,0.314,-1.994,-0.381,0.314;                     0000915P0000522
144,919,1,0,921;                                                 0000917P0000523
108,-0.965885549,0.,0.258969314,2.566161928,0,-2.608,-0.381,     0000919P0000524
0.182,0.;                                                        0000919P0000525
142,0,919,0,923,2;                                               0000921P0000526
102,4,925,927,929,931;                                           0000923P0000527
110,-2.608,-0.381,0.182,-2.608,-0.889,0.182;                     0000925P0000528
110,-2.607986479,-0.889,0.181996375,-2.586,-0.889,0.264;         0000927P0000529
110,-2.586,-0.889,0.264,-2.586,-0.381,0.264;                     0000929P0000530
110,-2.586013521,-0.381,0.264003625,-2.608,-0.381,0.182;         0000931P0000531
144,935,1,0,937;                                                 0000933P0000532
108,0.965885549,0.,-0.258969314,-2.461615316,0,-2.507,-0.889,    0000935P0000533
0.155,0.;                                                        0000935P0000534
142,0,935,0,939,2;                                               0000937P0000535
102,4,941,943,945,947;                                           0000939P0000536
110,-2.507,-0.889,0.155,-2.507,-0.381,0.155;                     0000941P0000537
110,-2.506986479,-0.381,0.154996375,-2.485,-0.381,0.237;         0000943P0000538
110,-2.485,-0.381,0.237,-2.485,-0.889,0.237;                     0000945P0000539
110,-2.485013521,-0.889,0.237003625,-2.507,-0.889,0.155;         0000947P0000540
144,951,1,0,953;                                                 0000949P0000541
108,0.,0.,1.,0.105,0,-3.099,-0.381,0.105,0.;                     0000951P0000542
142,0,951,0,955,2;                                               0000953P0000543
102,4,957,959,961,963;                                           0000955P0000544
110,-3.099,-0.381,0.105,-3.099,-0.889,0.105;                     0000957P0000545
110,-3.099,-0.889,0.105,-2.709,-0.889,0.105;                     0000959P0000546
110,-2.709,-0.889,0.105,-2.709,-0.381,0.105;                     0000961P0000547
110,-2.709,-0.381,0.105,-3.099,-0.381,0.105;                     0000963P0000548
144,967,1,0,969;                                                 0000965P0000549
108,0.,0.,-1.,-0.,0,-2.709,-0.381,0.,0.;                         0000967P0000550
142,0,967,0,971,2;                                               0000969P0000551
102,4,973,975,977,979;                                           0000971P0000552
110,-2.709,-0.381,0.,-2.709,-0.889,0.;                           0000973P0000553
110,-2.709,-0.889,0.,-3.099,-0.889,0.;                           0000975P0000554
110,-3.099,-0.889,0.,-3.099,-0.381,0.;                           0000977P0000555
110,-3.099,-0.381,0.,-2.709,-0.381,0.;                           0000979P0000556
144,983,1,0,985;                                                 0000981P0000557
108,-1.,0.,0.,3.099,0,-3.099,-0.381,0.,0.;                       0000983P0000558
142,0,983,0,987,2;                                               0000985P0000559
102,4,989,991,993,995;                                           0000987P0000560
110,-3.099,-0.381,0.,-3.099,-0.889,0.;                           0000989P0000561
110,-3.099,-0.889,0.,-3.099,-0.889,0.105;                        0000991P0000562
110,-3.099,-0.889,0.105,-3.099,-0.381,0.105;                     0000993P0000563
110,-3.099,-0.381,0.105,-3.099,-0.381,0.;                        0000995P0000564
144,999,1,0,1007;                                                0000997P0000565
120,1003,1005,4.973607515,6.283185307;                           0000999P0000566
124,0.,-1.,0.,-2.384,0.,0.,-1.,-0.889,1.,0.,0.,0.21;             0001001P0000567
110,0.,0.,1.,0.,0.,0.;                                           0001003P0000568
110,0.20955,0.,-0.508,0.20955,0.,0.;                             0001005P0000569
142,0,999,1009,1019,3;                                           0001007P0000570
102,4,1011,1013,1015,1017;                                       0001009P0000571
110,1.,6.283185307,0.,-2.220446049E-16,6.283185307,0.;           0001011P0000572
110,3.944304526E-31,6.283185307,0.,-5.724107943E-16,4.973607515, 0001013P0000573
0.;                                                              0001013P0000574
110,-5.724107943E-16,4.973607515,0.,1.,4.973607515,0.;           0001015P0000575
110,1.,4.973607515,0.,1.,6.283185307,0.;                         0001017P0000576
102,4,1021,1023,1027,1029;                                       0001019P0000577
110,-2.384,-0.889,0.419,-2.384,-0.381,0.419;                     0001021P0000578
100,0.,0.,0.,0.127633182,0.166195588,-0.127595286,0.166224684;   0001023P0000579
124,0.793107077,-0.609082232,0.,-2.384,0.,0.,-1.,-0.381,         0001025P0000580
0.609082232,0.793107077,-0.,0.21;                                0001025P0000581
110,-2.586,-0.381,0.264,-2.586,-0.889,0.264;                     0001027P0000582
100,0.,0.,0.,0.127595286,0.166224684,-0.127633182,0.166195588;   0001029P0000583
124,-0.793107077,-0.609082232,0.,-2.384,0.,0.,1.,-0.889,         0001031P0000584
-0.609082232,0.793107077,0.,0.21;                                0001031P0000585
144,1035,1,0,1043;                                               0001033P0000586
120,1039,1041,3.141592654,4.451170446;                           0001035P0000587
124,0.,-1.,0.,-2.384,0.,0.,-1.,-0.381,-1.,-0.,0.,0.21;           0001037P0000588
110,0.,0.,1.,0.,0.,0.;                                           0001039P0000589
110,0.104775,0.,0.,0.104775,0.,0.508;                            0001041P0000590
142,0,1035,1045,1055,3;                                          0001043P0000591
102,4,1047,1049,1051,1053;                                       0001045P0000592
110,-1.373176574E-15,3.141592654,0.,1.,3.141592654,0.;           0001047P0000593
110,1.,3.141592654,0.,1.,4.451170446,0.;                         0001049P0000594
110,1.,4.451170446,0.,-9.992007222E-16,4.451170446,0.;           0001051P0000595
110,-8.007657798E-16,4.451170446,0.,-1.373176574E-15,            0001053P0000596
3.141592654,0.;                                                  0001053P0000597
102,4,1057,1059,1063,1065;                                       0001055P0000598
110,-2.384,-0.381,0.314,-2.384,-0.889,0.314;                     0001057P0000599
100,0.,0.,0.,6.381659082E-02,8.309779396E-02,-6.379764302E-02,   0001059P0000600
8.311234186E-02;                                                 0001059P0000601
124,0.793107077,-0.609082232,0.,-2.384,0.,0.,-1.,-0.889,         0001061P0000602
0.609082232,0.793107077,-0.,0.21;                                0001061P0000603
110,-2.485,-0.889,0.237,-2.485,-0.381,0.237;                     0001063P0000604
100,0.,0.,0.,6.379764302E-02,8.311234186E-02,-6.381659082E-02,   0001065P0000605
8.309779396E-02;                                                 0001065P0000606
124,-0.793107077,-0.609082232,0.,-2.384,0.,0.,1.,-0.381,         0001067P0000607
-0.609082232,0.793107077,0.,0.21;                                0001067P0000608
144,1071,1,0,1079;                                               0001069P0000609
120,1075,1077,3.141592654,4.441952855;                           0001071P0000610
124,0.,1.,0.,-2.709,0.,-0.,-1.,-0.381,1.,0.,0.,0.21;             0001073P0000611
110,0.,0.,1.,0.,0.,0.;                                           0001075P0000612
110,0.104775,0.,0.,0.104775,0.,0.508;                            0001077P0000613
142,0,1071,1081,1091,3;                                          0001079P0000614
102,4,1083,1085,1087,1089;                                       0001081P0000615
110,-1.373176574E-15,3.141592654,0.,1.,3.141592654,0.;           0001083P0000616
110,1.,3.141592654,0.,1.,4.441952855,0.;                         0001085P0000617
110,1.,4.441952855,0.,-9.992007222E-16,4.441952855,0.;           0001087P0000618
110,-8.047947488E-16,4.441952855,0.,-1.373176574E-15,            0001089P0000619
3.141592654,0.;                                                  0001089P0000620
102,4,1093,1095,1099,1101;                                       0001091P0000621
110,-2.709,-0.381,0.105,-2.709,-0.889,0.105;                     0001093P0000622
100,0.,0.,0.,6.381659082E-02,8.309779396E-02,-6.30288481E-02,    0001095P0000623
8.369686333E-02;                                                 0001095P0000624
124,-0.793107077,0.609082232,0.,-2.709,0.,0.,-1.,-0.889,         0001097P0000625
-0.609082232,-0.793107077,-0.,0.21;                              0001097P0000626
110,-2.608,-0.889,0.182,-2.608,-0.381,0.182;                     0001099P0000627
100,0.,0.,0.,6.30288481E-02,8.369686333E-02,-6.381659082E-02,    0001101P0000628
8.309779396E-02;                                                 0001101P0000629
124,0.793107077,0.609082232,0.,-2.709,0.,0.,1.,-0.381,           0001103P0000630
0.609082232,-0.793107077,0.,0.21;                                0001103P0000631
144,1107,1,0,1115;                                               0001105P0000632
120,1111,1113,4.978222094,6.283185307;                           0001107P0000633
124,0.,1.,0.,-2.709,0.,0.,-1.,-0.381,-1.,0.,0.,0.21;             0001109P0000634
110,0.,0.,1.,0.,0.,0.;                                           0001111P0000635
110,0.20955,0.,0.,0.20955,0.,0.508;                              0001113P0000636
142,0,1107,1117,1127,3;                                          0001115P0000637
102,4,1119,1121,1123,1125;                                       0001117P0000638
110,1.,6.283185307,0.,-2.220446049E-16,6.283185307,0.;           0001119P0000639
110,3.944304526E-31,6.283185307,0.,-5.703937819E-16,4.978222094, 0001121P0000640
0.;                                                              0001121P0000641
110,-5.703937819E-16,4.978222094,0.,1.,4.978222094,0.;           0001123P0000642
110,1.,4.978222094,0.,1.,6.283185307,0.;                         0001125P0000643
102,4,1129,1131,1135,1137;                                       0001127P0000644
110,-2.709,-0.889,0.,-2.709,-0.381,0.;                           0001129P0000645
100,0.,0.,0.,0.127633182,0.166195588,-0.126826873,0.16681171;    0001131P0000646
124,-0.793107077,0.609082232,0.,-2.709,0.,0.,-1.,-0.381,         0001133P0000647
-0.609082232,-0.793107077,-0.,0.21;                              0001133P0000648
110,-2.507,-0.381,0.155,-2.507,-0.889,0.155;                     0001135P0000649
100,0.,0.,0.,0.126826873,0.16681171,-0.127633182,0.166195588;    0001137P0000650
124,0.793107077,0.609082232,0.,-2.709,0.,0.,1.,-0.889,           0001139P0000651
0.609082232,-0.793107077,0.,0.21;                                0001139P0000652
144,1143,1,0,1145;                                               0001141P0000653
108,0.,1.,0.,-0.381,0,-1.994,-0.381,0.314,0.;                    0001143P0000654
142,0,1143,0,1147,2;                                             0001145P0000655
102,12,1149,1151,1153,1155,1159,1161,1165,1167,1169,1171,1175,   0001147P0000656
1177;                                                            0001147P0000657
110,-2.384,-0.381,0.419,-1.994,-0.381,0.419;                     0001149P0000658
110,-1.994,-0.381,0.419,-1.994,-0.381,0.314;                     0001151P0000659
110,-1.994,-0.381,0.314,-2.384,-0.381,0.314;                     0001153P0000660
100,0.,0.,0.,-6.381659082E-02,-8.309779396E-02,6.379764302E-02,  0001155P0000661
-8.311234186E-02;                                                0001155P0000662
124,-0.793107077,0.609082232,0.,-2.384,0.,0.,-1.,-0.381,         0001157P0000663
-0.609082232,-0.793107077,0.,0.21;                               0001157P0000664
110,-2.485,-0.381,0.237,-2.506986479,-0.381,0.154996375;         0001159P0000665
100,0.,0.,0.,-0.126826873,-0.16681171,0.127633182,-0.166195588;  0001161P0000666
124,-0.793107077,-0.609082232,0.,-2.709,0.,0.,1.,-0.381,         0001163P0000667
-0.609082232,0.793107077,0.,0.21;                                0001163P0000668
110,-2.709,-0.381,0.,-3.099,-0.381,0.;                           0001165P0000669
110,-3.099,-0.381,0.,-3.099,-0.381,0.105;                        0001167P0000670
110,-3.099,-0.381,0.105,-2.709,-0.381,0.105;                     0001169P0000671
100,0.,0.,0.,-6.381659082E-02,-8.309779396E-02,6.30288481E-02,   0001171P0000672
-8.369686333E-02;                                                0001171P0000673
124,0.793107077,-0.609082232,0.,-2.709,0.,0.,-1.,-0.381,         0001173P0000674
0.609082232,0.793107077,0.,0.21;                                 0001173P0000675
110,-2.608,-0.381,0.182,-2.586013521,-0.381,0.264003625;         0001175P0000676
100,0.,0.,0.,-0.127595286,-0.166224684,0.127633182,-0.166195588; 0001177P0000677
124,0.793107077,0.609082232,0.,-2.384,0.,0.,1.,-0.381,           0001179P0000678
0.609082232,-0.793107077,0.,0.21;                                0001179P0000679
144,1183,1,0,1185;                                               0001181P0000680
108,0.,-1.,0.,0.889,0,-2.709,-0.889,0.105,0.;                    0001183P0000681
142,0,1183,0,1187,2;                                             0001185P0000682
102,12,1189,1191,1193,1195,1199,1201,1205,1207,1209,1211,1215,   0001187P0000683
1217;                                                            0001187P0000684
110,-2.384,-0.889,0.314,-1.994,-0.889,0.314;                     0001189P0000685
110,-1.994,-0.889,0.314,-1.994,-0.889,0.419;                     0001191P0000686
110,-1.994,-0.889,0.419,-2.384,-0.889,0.419;                     0001193P0000687
100,0.,0.,0.,-0.127633182,-0.166195588,0.127595286,-0.166224684; 0001195P0000688
124,-0.793107077,0.609082232,0.,-2.384,0.,0.,-1.,-0.889,         0001197P0000689
-0.609082232,-0.793107077,0.,0.21;                               0001197P0000690
110,-2.586,-0.889,0.264,-2.607986479,-0.889,0.181996375;         0001199P0000691
100,0.,0.,0.,-6.30288481E-02,-8.369686333E-02,6.381659082E-02,   0001201P0000692
-8.309779396E-02;                                                0001201P0000693
124,-0.793107077,-0.609082232,0.,-2.709,0.,0.,1.,-0.889,         0001203P0000694
-0.609082232,0.793107077,0.,0.21;                                0001203P0000695
110,-2.709,-0.889,0.105,-3.099,-0.889,0.105;                     0001205P0000696
110,-3.099,-0.889,0.105,-3.099,-0.889,0.;                        0001207P0000697
110,-3.099,-0.889,0.,-2.709,-0.889,0.;                           0001209P0000698
100,0.,0.,0.,-0.127633182,-0.166195588,0.126826873,-0.16681171;  0001211P0000699
124,0.793107077,-0.609082232,0.,-2.709,0.,0.,-1.,-0.889,         0001213P0000700
0.609082232,0.793107077,0.,0.21;                                 0001213P0000701
110,-2.507,-0.889,0.155,-2.485013521,-0.889,0.237003625;         0001215P0000702
100,0.,0.,0.,-6.379764302E-02,-8.311234186E-02,6.381659082E-02,  0001217P0000703
-8.309779396E-02;                                                0001217P0000704
124,0.793107077,0.609082232,0.,-2.384,0.,0.,1.,-0.889,           0001219P0000705
0.609082232,-0.793107077,0.,0.21;                                0001219P0000706
402,14,1223,1239,1255,1271,1287,1303,1319,1335,1351,1387,1423,   0001221P0000707
1459,1495,1535;                                                  0001221P0000708
144,1225,1,0,1227;                                               0001223P0000709
108,1.,0.,0.,-1.994,0,-1.994,-2.159,0.314,0.;                    0001225P0000710
142,0,1225,0,1229,2;                                             0001227P0000711
102,4,1231,1233,1235,1237;                                       0001229P0000712
110,-1.994,-2.159,0.314,-1.994,-1.651,0.314;                     0001231P0000713
110,-1.994,-1.651,0.314,-1.994,-1.651,0.419;                     0001233P0000714
110,-1.994,-1.651,0.419,-1.994,-2.159,0.419;                     0001235P0000715
110,-1.994,-2.159,0.419,-1.994,-2.159,0.314;                     0001237P0000716
144,1241,1,0,1243;                                               0001239P0000717
108,0.,0.,1.,0.419,0,-1.994,-2.159,0.419,0.;                     0001241P0000718
142,0,1241,0,1245,2;                                             0001243P0000719
102,4,1247,1249,1251,1253;                                       0001245P0000720
110,-1.994,-2.159,0.419,-1.994,-1.651,0.419;                     0001247P0000721
110,-1.994,-1.651,0.419,-2.384,-1.651,0.419;                     0001249P0000722
110,-2.384,-1.651,0.419,-2.384,-2.159,0.419;                     0001251P0000723
110,-2.384,-2.159,0.419,-1.994,-2.159,0.419;                     0001253P0000724
144,1257,1,0,1259;                                               0001255P0000725
108,0.,0.,-1.,-0.314,0,-1.994,-1.651,0.314,0.;                   0001257P0000726
142,0,1257,0,1261,2;                                             0001259P0000727
102,4,1263,1265,1267,1269;                                       0001261P0000728
110,-1.994,-1.651,0.314,-1.994,-2.159,0.314;                     0001263P0000729
110,-1.994,-2.159,0.314,-2.384,-2.159,0.314;                     0001265P0000730
110,-2.384,-2.159,0.314,-2.384,-1.651,0.314;                     0001267P0000731
110,-2.384,-1.651,0.314,-1.994,-1.651,0.314;                     0001269P0000732
144,1273,1,0,1275;                                               0001271P0000733
108,-0.965885549,0.,0.258969314,2.566161928,0,-2.608,-1.651,     0001273P0000734
0.182,0.;                                                        0001273P0000735
142,0,1273,0,1277,2;                                             0001275P0000736
102,4,1279,1281,1283,1285;                                       0001277P0000737
110,-2.608,-1.651,0.182,-2.608,-2.159,0.182;                     0001279P0000738
110,-2.607986479,-2.159,0.181996375,-2.586,-2.159,0.264;         0001281P0000739
110,-2.586,-2.159,0.264,-2.586,-1.651,0.264;                     0001283P0000740
110,-2.586013521,-1.651,0.264003625,-2.608,-1.651,0.182;         0001285P0000741
144,1289,1,0,1291;                                               0001287P0000742
108,0.965885549,0.,-0.258969314,-2.461615316,0,-2.507,-2.159,    0001289P0000743
0.155,0.;                                                        0001289P0000744
142,0,1289,0,1293,2;                                             0001291P0000745
102,4,1295,1297,1299,1301;                                       0001293P0000746
110,-2.507,-2.159,0.155,-2.507,-1.651,0.155;                     0001295P0000747
110,-2.506986479,-1.651,0.154996375,-2.485,-1.651,0.237;         0001297P0000748
110,-2.485,-1.651,0.237,-2.485,-2.159,0.237;                     0001299P0000749
110,-2.485013521,-2.159,0.237003625,-2.507,-2.159,0.155;         0001301P0000750
144,1305,1,0,1307;                                               0001303P0000751
108,0.,0.,1.,0.105,0,-3.099,-1.651,0.105,0.;                     0001305P0000752
142,0,1305,0,1309,2;                                             0001307P0000753
102,4,1311,1313,1315,1317;                                       0001309P0000754
110,-3.099,-1.651,0.105,-3.099,-2.159,0.105;                     0001311P0000755
110,-3.099,-2.159,0.105,-2.709,-2.159,0.105;                     0001313P0000756
110,-2.709,-2.159,0.105,-2.709,-1.651,0.105;                     0001315P0000757
110,-2.709,-1.651,0.105,-3.099,-1.651,0.105;                     0001317P0000758
144,1321,1,0,1323;                                               0001319P0000759
108,0.,0.,-1.,-0.,0,-2.709,-1.651,0.,0.;                         0001321P0000760
142,0,1321,0,1325,2;                                             0001323P0000761
102,4,1327,1329,1331,1333;                                       0001325P0000762
110,-2.709,-1.651,0.,-2.709,-2.159,0.;                           0001327P0000763
110,-2.709,-2.159,0.,-3.099,-2.159,0.;                           0001329P0000764
110,-3.099,-2.159,0.,-3.099,-1.651,0.;                           0001331P0000765
110,-3.099,-1.651,0.,-2.709,-1.651,0.;                           0001333P0000766
144,1337,1,0,1339;                                               0001335P0000767
108,-1.,0.,0.,3.099,0,-3.099,-1.651,0.,0.;                       0001337P0000768
142,0,1337,0,1341,2;                                             0001339P0000769
102,4,1343,1345,1347,1349;                                       0001341P0000770
110,-3.099,-1.651,0.,-3.099,-2.159,0.;                           0001343P0000771
110,-3.099,-2.159,0.,-3.099,-2.159,0.105;                        0001345P0000772
110,-3.099,-2.159,0.105,-3.099,-1.651,0.105;                     0001347P0000773
110,-3.099,-1.651,0.105,-3.099,-1.651,0.;                        0001349P0000774
144,1353,1,0,1361;                                               0001351P0000775
120,1357,1359,4.973607515,6.283185307;                           0001353P0000776
124,0.,-1.,0.,-2.384,0.,0.,-1.,-2.159,1.,0.,0.,0.21;             0001355P0000777
110,0.,0.,1.,0.,0.,0.;                                           0001357P0000778
110,0.20955,0.,-0.508,0.20955,0.,0.;                             0001359P0000779
142,0,1353,1363,1373,3;                                          0001361P0000780
102,4,1365,1367,1369,1371;                                       0001363P0000781
110,1.,6.283185307,0.,-2.220446049E-16,6.283185307,0.;           0001365P0000782
110,3.944304526E-31,6.283185307,0.,-5.724107943E-16,4.973607515, 0001367P0000783
0.;                                                              0001367P0000784
110,-5.724107943E-16,4.973607515,0.,1.,4.973607515,0.;           0001369P0000785
110,1.,4.973607515,0.,1.,6.283185307,0.;                         0001371P0000786
102,4,1375,1377,1381,1383;                                       0001373P0000787
110,-2.384,-2.159,0.419,-2.384,-1.651,0.419;                     0001375P0000788
100,0.,0.,0.,0.127633182,0.166195588,-0.127595286,0.166224684;   0001377P0000789
124,0.793107077,-0.609082232,0.,-2.384,0.,0.,-1.,-1.651,         0001379P0000790
0.609082232,0.793107077,-0.,0.21;                                0001379P0000791
110,-2.586,-1.651,0.264,-2.586,-2.159,0.264;                     0001381P0000792
100,0.,0.,0.,0.127595286,0.166224684,-0.127633182,0.166195588;   0001383P0000793
124,-0.793107077,-0.609082232,0.,-2.384,0.,0.,1.,-2.159,         0001385P0000794
-0.609082232,0.793107077,0.,0.21;                                0001385P0000795
144,1389,1,0,1397;                                               0001387P0000796
120,1393,1395,3.141592654,4.451170446;                           0001389P0000797
124,0.,-1.,0.,-2.384,0.,0.,-1.,-1.651,-1.,-0.,0.,0.21;           0001391P0000798
110,0.,0.,1.,0.,0.,0.;                                           0001393P0000799
110,0.104775,0.,0.,0.104775,0.,0.508;                            0001395P0000800
142,0,1389,1399,1409,3;                                          0001397P0000801
102,4,1401,1403,1405,1407;                                       0001399P0000802
110,-1.373176574E-15,3.141592654,0.,1.,3.141592654,0.;           0001401P0000803
110,1.,3.141592654,0.,1.,4.451170446,0.;                         0001403P0000804
110,1.,4.451170446,0.,-1.110223025E-15,4.451170446,0.;           0001405P0000805
110,-8.007657798E-16,4.451170446,0.,-1.373176574E-15,            0001407P0000806
3.141592654,0.;                                                  0001407P0000807
102,4,1411,1413,1417,1419;                                       0001409P0000808
110,-2.384,-1.651,0.314,-2.384,-2.159,0.314;                     0001411P0000809
100,0.,0.,0.,6.381659082E-02,8.309779396E-02,-6.379764302E-02,   0001413P0000810
8.311234186E-02;                                                 0001413P0000811
124,0.793107077,-0.609082232,0.,-2.384,0.,0.,-1.,-2.159,         0001415P0000812
0.609082232,0.793107077,-0.,0.21;                                0001415P0000813
110,-2.485,-2.159,0.237,-2.485,-1.651,0.237;                     0001417P0000814
100,0.,0.,0.,6.379764302E-02,8.311234186E-02,-6.381659082E-02,   0001419P0000815
8.309779396E-02;                                                 0001419P0000816
124,-0.793107077,-0.609082232,0.,-2.384,0.,0.,1.,-1.651,         0001421P0000817
-0.609082232,0.793107077,0.,0.21;                                0001421P0000818
144,1425,1,0,1433;                                               0001423P0000819
120,1429,1431,3.141592654,4.441952855;                           0001425P0000820
124,0.,1.,0.,-2.709,0.,-0.,-1.,-1.651,1.,0.,0.,0.21;             0001427P0000821
110,0.,0.,1.,0.,0.,0.;                                           0001429P0000822
110,0.104775,0.,0.,0.104775,0.,0.508;                            0001431P0000823
142,0,1425,1435,1445,3;                                          0001433P0000824
102,4,1437,1439,1441,1443;                                       0001435P0000825
110,-1.373176574E-15,3.141592654,0.,1.,3.141592654,0.;           0001437P0000826
110,1.,3.141592654,0.,1.,4.441952855,0.;                         0001439P0000827
110,1.,4.441952855,0.,-1.110223025E-15,4.441952855,0.;           0001441P0000828
110,-8.047947488E-16,4.441952855,0.,-1.373176574E-15,            0001443P0000829
3.141592654,0.;                                                  0001443P0000830
102,4,1447,1449,1453,1455;                                       0001445P0000831
110,-2.709,-1.651,0.105,-2.709,-2.159,0.105;                     0001447P0000832
100,0.,0.,0.,6.381659082E-02,8.309779396E-02,-6.30288481E-02,    0001449P0000833
8.369686333E-02;                                                 0001449P0000834
124,-0.793107077,0.609082232,0.,-2.709,0.,0.,-1.,-2.159,         0001451P0000835
-0.609082232,-0.793107077,-0.,0.21;                              0001451P0000836
110,-2.608,-2.159,0.182,-2.608,-1.651,0.182;                     0001453P0000837
100,0.,0.,0.,6.30288481E-02,8.369686333E-02,-6.381659082E-02,    0001455P0000838
8.309779396E-02;                                                 0001455P0000839
124,0.793107077,0.609082232,0.,-2.709,0.,0.,1.,-1.651,           0001457P0000840
0.609082232,-0.793107077,0.,0.21;                                0001457P0000841
144,1461,1,0,1469;                                               0001459P0000842
120,1465,1467,4.978222094,6.283185307;                           0001461P0000843
124,0.,1.,0.,-2.709,0.,0.,-1.,-1.651,-1.,0.,0.,0.21;             0001463P0000844
110,0.,0.,1.,0.,0.,0.;                                           0001465P0000845
110,0.20955,0.,0.,0.20955,0.,0.508;                              0001467P0000846
142,0,1461,1471,1481,3;                                          0001469P0000847
102,4,1473,1475,1477,1479;                                       0001471P0000848
110,1.,6.283185307,0.,-2.220446049E-16,6.283185307,0.;           0001473P0000849
110,3.944304526E-31,6.283185307,0.,-5.703937819E-16,4.978222094, 0001475P0000850
0.;                                                              0001475P0000851
110,-5.703937819E-16,4.978222094,0.,1.,4.978222094,0.;           0001477P0000852
110,1.,4.978222094,0.,1.,6.283185307,0.;                         0001479P0000853
102,4,1483,1485,1489,1491;                                       0001481P0000854
110,-2.709,-2.159,0.,-2.709,-1.651,0.;                           0001483P0000855
100,0.,0.,0.,0.127633182,0.166195588,-0.126826873,0.16681171;    0001485P0000856
124,-0.793107077,0.609082232,0.,-2.709,0.,0.,-1.,-1.651,         0001487P0000857
-0.609082232,-0.793107077,-0.,0.21;                              0001487P0000858
110,-2.507,-1.651,0.155,-2.507,-2.159,0.155;                     0001489P0000859
100,0.,0.,0.,0.126826873,0.16681171,-0.127633182,0.166195588;    0001491P0000860
124,0.793107077,0.609082232,0.,-2.709,0.,0.,1.,-2.159,           0001493P0000861
0.609082232,-0.793107077,0.,0.21;                                0001493P0000862
144,1497,1,0,1499;                                               0001495P0000863
108,0.,1.,0.,-1.651,0,-1.994,-1.651,0.314,0.;                    0001497P0000864
142,0,1497,0,1501,2;                                             0001499P0000865
102,12,1503,1505,1507,1509,1513,1515,1519,1521,1523,1525,1529,   0001501P0000866
1531;                                                            0001501P0000867
110,-2.384,-1.651,0.419,-1.994,-1.651,0.419;                     0001503P0000868
110,-1.994,-1.651,0.419,-1.994,-1.651,0.314;                     0001505P0000869
110,-1.994,-1.651,0.314,-2.384,-1.651,0.314;                     0001507P0000870
100,0.,0.,0.,-6.381659082E-02,-8.309779396E-02,6.379764302E-02,  0001509P0000871
-8.311234186E-02;                                                0001509P0000872
124,-0.793107077,0.609082232,0.,-2.384,0.,0.,-1.,-1.651,         0001511P0000873
-0.609082232,-0.793107077,0.,0.21;                               0001511P0000874
110,-2.485,-1.651,0.237,-2.506986479,-1.651,0.154996375;         0001513P0000875
100,0.,0.,0.,-0.126826873,-0.16681171,0.127633182,-0.166195588;  0001515P0000876
124,-0.793107077,-0.609082232,0.,-2.709,0.,0.,1.,-1.651,         0001517P0000877
-0.609082232,0.793107077,0.,0.21;                                0001517P0000878
110,-2.709,-1.651,0.,-3.099,-1.651,0.;                           0001519P0000879
110,-3.099,-1.651,0.,-3.099,-1.651,0.105;                        0001521P0000880
110,-3.099,-1.651,0.105,-2.709,-1.651,0.105;                     0001523P0000881
100,0.,0.,0.,-6.381659082E-02,-8.309779396E-02,6.30288481E-02,   0001525P0000882
-8.369686333E-02;                                                0001525P0000883
124,0.793107077,-0.609082232,0.,-2.709,0.,0.,-1.,-1.651,         0001527P0000884
0.609082232,0.793107077,0.,0.21;                                 0001527P0000885
110,-2.608,-1.651,0.182,-2.586013521,-1.651,0.264003625;         0001529P0000886
100,0.,0.,0.,-0.127595286,-0.166224684,0.127633182,-0.166195588; 0001531P0000887
124,0.793107077,0.609082232,0.,-2.384,0.,0.,1.,-1.651,           0001533P0000888
0.609082232,-0.793107077,0.,0.21;                                0001533P0000889
144,1537,1,0,1539;                                               0001535P0000890
108,0.,-1.,0.,2.159,0,-2.709,-2.159,0.105,0.;                    0001537P0000891
142,0,1537,0,1541,2;                                             0001539P0000892
102,12,1543,1545,1547,1549,1553,1555,1559,1561,1563,1565,1569,   0001541P0000893
1571;                                                            0001541P0000894
110,-2.384,-2.159,0.314,-1.994,-2.159,0.314;                     0001543P0000895
110,-1.994,-2.159,0.314,-1.994,-2.159,0.419;                     0001545P0000896
110,-1.994,-2.159,0.419,-2.384,-2.159,0.419;                     0001547P0000897
100,0.,0.,0.,-0.127633182,-0.166195588,0.127595286,-0.166224684; 0001549P0000898
124,-0.793107077,0.609082232,0.,-2.384,0.,0.,-1.,-2.159,         0001551P0000899
-0.609082232,-0.793107077,0.,0.21;                               0001551P0000900
110,-2.586,-2.159,0.264,-2.607986479,-2.159,0.181996375;         0001553P0000901
100,0.,0.,0.,-6.30288481E-02,-8.369686333E-02,6.381659082E-02,   0001555P0000902
-8.309779396E-02;                                                0001555P0000903
124,-0.793107077,-0.609082232,0.,-2.709,0.,0.,1.,-2.159,         0001557P0000904
-0.609082232,0.793107077,0.,0.21;                                0001557P0000905
110,-2.709,-2.159,0.105,-3.099,-2.159,0.105;                     0001559P0000906
110,-3.099,-2.159,0.105,-3.099,-2.159,0.;                        0001561P0000907
110,-3.099,-2.159,0.,-2.709,-2.159,0.;                           0001563P0000908
100,0.,0.,0.,-0.127633182,-0.166195588,0.126826873,-0.16681171;  0001565P0000909
124,0.793107077,-0.609082232,0.,-2.709,0.,0.,-1.,-2.159,         0001567P0000910
0.609082232,0.793107077,0.,0.21;                                 0001567P0000911
110,-2.507,-2.159,0.155,-2.485013521,-2.159,0.237003625;         0001569P0000912
100,0.,0.,0.,-6.379764302E-02,-8.311234186E-02,6.381659082E-02,  0001571P0000913
-8.309779396E-02;                                                0001571P0000914
124,0.793107077,0.609082232,0.,-2.384,0.,0.,1.,-2.159,           0001573P0000915
0.609082232,-0.793107077,0.,0.21;                                0001573P0000916
402,14,1577,1593,1609,1625,1641,1657,1673,1689,1705,1741,1777,   0001575P0000917
1813,1849,1889;                                                  0001575P0000918
144,1579,1,0,1581;                                               0001577P0000919
108,-1.,0.,0.,-1.994,0,1.994,-1.651,0.314,0.;                    0001579P0000920
142,0,1579,0,1583,2;                                             0001581P0000921
102,4,1585,1587,1589,1591;                                       0001583P0000922
110,1.994,-1.651,0.314,1.994,-2.159,0.314;                       0001585P0000923
110,1.994,-2.159,0.314,1.994,-2.159,0.419;                       0001587P0000924
110,1.994,-2.159,0.419,1.994,-1.651,0.419;                       0001589P0000925
110,1.994,-1.651,0.419,1.994,-1.651,0.314;                       0001591P0000926
144,1595,1,0,1597;                                               0001593P0000927
108,0.,0.,1.,0.419,0,1.994,-1.651,0.419,0.;                      0001595P0000928
142,0,1595,0,1599,2;                                             0001597P0000929
102,4,1601,1603,1605,1607;                                       0001599P0000930
110,1.994,-1.651,0.419,1.994,-2.159,0.419;                       0001601P0000931
110,1.994,-2.159,0.419,2.384,-2.159,0.419;                       0001603P0000932
110,2.384,-2.159,0.419,2.384,-1.651,0.419;                       0001605P0000933
110,2.384,-1.651,0.419,1.994,-1.651,0.419;                       0001607P0000934
144,1611,1,0,1613;                                               0001609P0000935
108,0.,0.,-1.,-0.314,0,1.994,-2.159,0.314,0.;                    0001611P0000936
142,0,1611,0,1615,2;                                             0001613P0000937
102,4,1617,1619,1621,1623;                                       0001615P0000938
110,1.994,-2.159,0.314,1.994,-1.651,0.314;                       0001617P0000939
110,1.994,-1.651,0.314,2.384,-1.651,0.314;                       0001619P0000940
110,2.384,-1.651,0.314,2.384,-2.159,0.314;                       0001621P0000941
110,2.384,-2.159,0.314,1.994,-2.159,0.314;                       0001623P0000942
144,1627,1,0,1629;                                               0001625P0000943
108,0.965885549,0.,0.258969314,2.566161928,0,2.608,-2.159,0.182, 0001627P0000944
0.;                                                              0001627P0000945
142,0,1627,0,1631,2;                                             0001629P0000946
102,4,1633,1635,1637,1639;                                       0001631P0000947
110,2.608,-2.159,0.182,2.608,-1.651,0.182;                       0001633P0000948
110,2.607986479,-1.651,0.181996375,2.586,-1.651,0.264;           0001635P0000949
110,2.586,-1.651,0.264,2.586,-2.159,0.264;                       0001637P0000950
110,2.586013521,-2.159,0.264003625,2.608,-2.159,0.182;           0001639P0000951
144,1643,1,0,1645;                                               0001641P0000952
108,-0.965885549,0.,-0.258969314,-2.461615316,0,2.507,-1.651,    0001643P0000953
0.155,0.;                                                        0001643P0000954
142,0,1643,0,1647,2;                                             0001645P0000955
102,4,1649,1651,1653,1655;                                       0001647P0000956
110,2.507,-1.651,0.155,2.507,-2.159,0.155;                       0001649P0000957
110,2.506986479,-2.159,0.154996375,2.485,-2.159,0.237;           0001651P0000958
110,2.485,-2.159,0.237,2.485,-1.651,0.237;                       0001653P0000959
110,2.485013521,-1.651,0.237003625,2.507,-1.651,0.155;           0001655P0000960
144,1659,1,0,1661;                                               0001657P0000961
108,0.,0.,1.,0.105,0,3.099,-2.159,0.105,0.;                      0001659P0000962
142,0,1659,0,1663,2;                                             0001661P0000963
102,4,1665,1667,1669,1671;                                       0001663P0000964
110,3.099,-2.159,0.105,3.099,-1.651,0.105;                       0001665P0000965
110,3.099,-1.651,0.105,2.709,-1.651,0.105;                       0001667P0000966
110,2.709,-1.651,0.105,2.709,-2.159,0.105;                       0001669P0000967
110,2.709,-2.159,0.105,3.099,-2.159,0.105;                       0001671P0000968
144,1675,1,0,1677;                                               0001673P0000969
108,0.,0.,-1.,0.,0,2.709,-2.159,0.,0.;                           0001675P0000970
142,0,1675,0,1679,2;                                             0001677P0000971
102,4,1681,1683,1685,1687;                                       0001679P0000972
110,2.709,-2.159,0.,2.709,-1.651,0.;                             0001681P0000973
110,2.709,-1.651,0.,3.099,-1.651,0.;                             0001683P0000974
110,3.099,-1.651,0.,3.099,-2.159,0.;                             0001685P0000975
110,3.099,-2.159,0.,2.709,-2.159,0.;                             0001687P0000976
144,1691,1,0,1693;                                               0001689P0000977
108,1.,0.,0.,3.099,0,3.099,-2.159,0.,0.;                         0001691P0000978
142,0,1691,0,1695,2;                                             0001693P0000979
102,4,1697,1699,1701,1703;                                       0001695P0000980
110,3.099,-2.159,0.,3.099,-1.651,0.;                             0001697P0000981
110,3.099,-1.651,0.,3.099,-1.651,0.105;                          0001699P0000982
110,3.099,-1.651,0.105,3.099,-2.159,0.105;                       0001701P0000983
110,3.099,-2.159,0.105,3.099,-2.159,0.;                          0001703P0000984
144,1707,1,0,1715;                                               0001705P0000985
120,1711,1713,4.973607515,6.283185307;                           0001707P0000986
124,0.,1.,0.,2.384,0.,0.,1.,-1.651,1.,0.,0.,0.21;                0001709P0000987
110,0.,0.,1.,0.,0.,0.;                                           0001711P0000988
110,0.20955,0.,-0.508,0.20955,0.,0.;                             0001713P0000989
142,0,1707,1717,1727,3;                                          0001715P0000990
102,4,1719,1721,1723,1725;                                       0001717P0000991
110,1.,6.283185307,0.,-2.220446049E-16,6.283185307,0.;           0001719P0000992
110,3.944304526E-31,6.283185307,0.,-5.724107943E-16,4.973607515, 0001721P0000993
0.;                                                              0001721P0000994
110,-5.724107943E-16,4.973607515,0.,1.,4.973607515,0.;           0001723P0000995
110,1.,4.973607515,0.,1.,6.283185307,0.;                         0001725P0000996
102,4,1729,1731,1735,1737;                                       0001727P0000997
110,2.384,-1.651,0.419,2.384,-2.159,0.419;                       0001729P0000998
100,0.,0.,0.,0.127633182,0.166195588,-0.127595286,0.166224684;   0001731P0000999
124,-0.793107077,0.609082232,0.,2.384,0.,0.,1.,-2.159,           0001733P0001000
0.609082232,0.793107077,0.,0.21;                                 0001733P0001001
110,2.586,-2.159,0.264,2.586,-1.651,0.264;                       0001735P0001002
100,0.,0.,0.,0.127595286,0.166224684,-0.127633182,0.166195588;   0001737P0001003
124,0.793107077,0.609082232,0.,2.384,0.,0.,-1.,-1.651,           0001739P0001004
-0.609082232,0.793107077,-0.,0.21;                               0001739P0001005
144,1743,1,0,1751;                                               0001741P0001006
120,1747,1749,3.141592654,4.451170446;                           0001743P0001007
124,0.,1.,0.,2.384,0.,-0.,1.,-2.159,-1.,0.,0.,0.21;              0001745P0001008
110,0.,0.,1.,0.,0.,0.;                                           0001747P0001009
110,0.104775,0.,0.,0.104775,0.,0.508;                            0001749P0001010
142,0,1743,1753,1763,3;                                          0001751P0001011
102,4,1755,1757,1759,1761;                                       0001753P0001012
110,-1.373176574E-15,3.141592654,0.,1.,3.141592654,0.;           0001755P0001013
110,1.,3.141592654,0.,1.,4.451170446,0.;                         0001757P0001014
110,1.,4.451170446,0.,-1.110223025E-15,4.451170446,0.;           0001759P0001015
110,-8.007657798E-16,4.451170446,0.,-1.373176574E-15,            0001761P0001016
3.141592654,0.;                                                  0001761P0001017
102,4,1765,1767,1771,1773;                                       0001763P0001018
110,2.384,-2.159,0.314,2.384,-1.651,0.314;                       0001765P0001019
100,0.,0.,0.,6.381659082E-02,8.309779396E-02,-6.379764302E-02,   0001767P0001020
8.311234186E-02;                                                 0001767P0001021
124,-0.793107077,0.609082232,0.,2.384,0.,0.,1.,-1.651,           0001769P0001022
0.609082232,0.793107077,0.,0.21;                                 0001769P0001023
110,2.485,-1.651,0.237,2.485,-2.159,0.237;                       0001771P0001024
100,0.,0.,0.,6.379764302E-02,8.311234186E-02,-6.381659082E-02,   0001773P0001025
8.309779396E-02;                                                 0001773P0001026
124,0.793107077,0.609082232,0.,2.384,0.,0.,-1.,-2.159,           0001775P0001027
-0.609082232,0.793107077,-0.,0.21;                               0001775P0001028
144,1779,1,0,1787;                                               0001777P0001029
120,1783,1785,3.141592654,4.441952855;                           0001779P0001030
124,0.,-1.,0.,2.709,0.,0.,1.,-2.159,1.,0.,0.,0.21;               0001781P0001031
110,0.,0.,1.,0.,0.,0.;                                           0001783P0001032
110,0.104775,0.,0.,0.104775,0.,0.508;                            0001785P0001033
142,0,1779,1789,1799,3;                                          0001787P0001034
102,4,1791,1793,1795,1797;                                       0001789P0001035
110,-1.373176574E-15,3.141592654,0.,1.,3.141592654,0.;           0001791P0001036
110,1.,3.141592654,0.,1.,4.441952855,0.;                         0001793P0001037
110,1.,4.441952855,0.,-1.110223025E-15,4.441952855,0.;           0001795P0001038
110,-8.047947488E-16,4.441952855,0.,-1.373176574E-15,            0001797P0001039
3.141592654,0.;                                                  0001797P0001040
102,4,1801,1803,1807,1809;                                       0001799P0001041
110,2.709,-2.159,0.105,2.709,-1.651,0.105;                       0001801P0001042
100,0.,0.,0.,6.381659082E-02,8.309779396E-02,-6.30288481E-02,    0001803P0001043
8.369686333E-02;                                                 0001803P0001044
124,0.793107077,-0.609082232,0.,2.709,0.,0.,1.,-1.651,           0001805P0001045
-0.609082232,-0.793107077,0.,0.21;                               0001805P0001046
110,2.608,-1.651,0.182,2.608,-2.159,0.182;                       0001807P0001047
100,0.,0.,0.,6.30288481E-02,8.369686333E-02,-6.381659082E-02,    0001809P0001048
8.309779396E-02;                                                 0001809P0001049
124,-0.793107077,-0.609082232,0.,2.709,0.,0.,-1.,-2.159,         0001811P0001050
0.609082232,-0.793107077,-0.,0.21;                               0001811P0001051
144,1815,1,0,1823;                                               0001813P0001052
120,1819,1821,4.978222094,6.283185307;                           0001815P0001053
124,0.,-1.,0.,2.709,0.,0.,1.,-2.159,-1.,0.,0.,0.21;              0001817P0001054
110,0.,0.,1.,0.,0.,0.;                                           0001819P0001055
110,0.20955,0.,0.,0.20955,0.,0.508;                              0001821P0001056
142,0,1815,1825,1835,3;                                          0001823P0001057
102,4,1827,1829,1831,1833;                                       0001825P0001058
110,1.,6.283185307,0.,-2.220446049E-16,6.283185307,0.;           0001827P0001059
110,3.944304526E-31,6.283185307,0.,-5.703937819E-16,4.978222094, 0001829P0001060
0.;                                                              0001829P0001061
110,-5.703937819E-16,4.978222094,0.,1.,4.978222094,0.;           0001831P0001062
110,1.,4.978222094,0.,1.,6.283185307,0.;                         0001833P0001063
102,4,1837,1839,1843,1845;                                       0001835P0001064
110,2.709,-1.651,0.,2.709,-2.159,0.;                             0001837P0001065
100,0.,0.,0.,0.127633182,0.166195588,-0.126826873,0.16681171;    0001839P0001066
124,0.793107077,-0.609082232,0.,2.709,0.,0.,1.,-2.159,           0001841P0001067
-0.609082232,-0.793107077,0.,0.21;                               0001841P0001068
110,2.507,-2.159,0.155,2.507,-1.651,0.155;                       0001843P0001069
100,0.,0.,0.,0.126826873,0.16681171,-0.127633182,0.166195588;    0001845P0001070
124,-0.793107077,-0.609082232,0.,2.709,0.,0.,-1.,-1.651,         0001847P0001071
0.609082232,-0.793107077,-0.,0.21;                               0001847P0001072
144,1851,1,0,1853;                                               0001849P0001073
108,0.,-1.,0.,2.159,0,1.994,-2.159,0.314,0.;                     0001851P0001074
142,0,1851,0,1855,2;                                             0001853P0001075
102,12,1857,1859,1861,1863,1867,1869,1873,1875,1877,1879,1883,   0001855P0001076
1885;                                                            0001855P0001077
110,2.384,-2.159,0.419,1.994,-2.159,0.419;                       0001857P0001078
110,1.994,-2.159,0.419,1.994,-2.159,0.314;                       0001859P0001079
110,1.994,-2.159,0.314,2.384,-2.159,0.314;                       0001861P0001080
100,0.,0.,0.,-6.381659082E-02,-8.309779396E-02,6.379764302E-02,  0001863P0001081
-8.311234186E-02;                                                0001863P0001082
124,0.793107077,-0.609082232,0.,2.384,0.,0.,1.,-2.159,           0001865P0001083
-0.609082232,-0.793107077,0.,0.21;                               0001865P0001084
110,2.485,-2.159,0.237,2.506986479,-2.159,0.154996375;           0001867P0001085
100,0.,0.,0.,-0.126826873,-0.16681171,0.127633182,-0.166195588;  0001869P0001086
124,0.793107077,0.609082232,0.,2.709,0.,0.,-1.,-2.159,           0001871P0001087
-0.609082232,0.793107077,0.,0.21;                                0001871P0001088
110,2.709,-2.159,0.,3.099,-2.159,0.;                             0001873P0001089
110,3.099,-2.159,0.,3.099,-2.159,0.105;                          0001875P0001090
110,3.099,-2.159,0.105,2.709,-2.159,0.105;                       0001877P0001091
100,0.,0.,0.,-6.381659082E-02,-8.309779396E-02,6.30288481E-02,   0001879P0001092
-8.369686333E-02;                                                0001879P0001093
124,-0.793107077,0.609082232,0.,2.709,0.,0.,1.,-2.159,           0001881P0001094
0.609082232,0.793107077,0.,0.21;                                 0001881P0001095
110,2.608,-2.159,0.182,2.586013521,-2.159,0.264003625;           0001883P0001096
100,0.,0.,0.,-0.127595286,-0.166224684,0.127633182,-0.166195588; 0001885P0001097
124,-0.793107077,-0.609082232,0.,2.384,0.,0.,-1.,-2.159,         0001887P0001098
0.609082232,-0.793107077,0.,0.21;                                0001887P0001099
144,1891,1,0,1893;                                               0001889P0001100
108,0.,1.,0.,-1.651,0,2.709,-1.651,0.105,0.;                     0001891P0001101
142,0,1891,0,1895,2;                                             0001893P0001102
102,12,1897,1899,1901,1903,1907,1909,1913,1915,1917,1919,1923,   0001895P0001103
1925;                                                            0001895P0001104
110,2.384,-1.651,0.314,1.994,-1.651,0.314;                       0001897P0001105
110,1.994,-1.651,0.314,1.994,-1.651,0.419;                       0001899P0001106
110,1.994,-1.651,0.419,2.384,-1.651,0.419;                       0001901P0001107
100,0.,0.,0.,-0.127633182,-0.166195588,0.127595286,-0.166224684; 0001903P0001108
124,0.793107077,-0.609082232,0.,2.384,0.,0.,1.,-1.651,           0001905P0001109
-0.609082232,-0.793107077,0.,0.21;                               0001905P0001110
110,2.586,-1.651,0.264,2.607986479,-1.651,0.181996375;           0001907P0001111
100,0.,0.,0.,-6.30288481E-02,-8.369686333E-02,6.381659082E-02,   0001909P0001112
-8.309779396E-02;                                                0001909P0001113
124,0.793107077,0.609082232,0.,2.709,0.,0.,-1.,-1.651,           0001911P0001114
-0.609082232,0.793107077,0.,0.21;                                0001911P0001115
110,2.709,-1.651,0.105,3.099,-1.651,0.105;                       0001913P0001116
110,3.099,-1.651,0.105,3.099,-1.651,0.;                          0001915P0001117
110,3.099,-1.651,0.,2.709,-1.651,0.;                             0001917P0001118
100,0.,0.,0.,-0.127633182,-0.166195588,0.126826873,-0.16681171;  0001919P0001119
124,-0.793107077,0.609082232,0.,2.709,0.,0.,1.,-1.651,           0001921P0001120
0.609082232,0.793107077,0.,0.21;                                 0001921P0001121
110,2.507,-1.651,0.155,2.485013521,-1.651,0.237003625;           0001923P0001122
100,0.,0.,0.,-6.379764302E-02,-8.311234186E-02,6.381659082E-02,  0001925P0001123
-8.309779396E-02;                                                0001925P0001124
124,-0.793107077,-0.609082232,0.,2.384,0.,0.,-1.,-1.651,         0001927P0001125
0.609082232,-0.793107077,0.,0.21;                                0001927P0001126
402,14,1931,1947,1963,1979,1995,2011,2027,2043,2059,2095,2131,   0001929P0001127
2167,2203,2243;                                                  0001929P0001128
144,1933,1,0,1935;                                               0001931P0001129
108,-1.,0.,0.,-1.994,0,1.994,-0.381,0.314,0.;                    0001933P0001130
142,0,1933,0,1937,2;                                             0001935P0001131
102,4,1939,1941,1943,1945;                                       0001937P0001132
110,1.994,-0.381,0.314,1.994,-0.889,0.314;                       0001939P0001133
110,1.994,-0.889,0.314,1.994,-0.889,0.419;                       0001941P0001134
110,1.994,-0.889,0.419,1.994,-0.381,0.419;                       0001943P0001135
110,1.994,-0.381,0.419,1.994,-0.381,0.314;                       0001945P0001136
144,1949,1,0,1951;                                               0001947P0001137
108,0.,0.,1.,0.419,0,1.994,-0.381,0.419,0.;                      0001949P0001138
142,0,1949,0,1953,2;                                             0001951P0001139
102,4,1955,1957,1959,1961;                                       0001953P0001140
110,1.994,-0.381,0.419,1.994,-0.889,0.419;                       0001955P0001141
110,1.994,-0.889,0.419,2.384,-0.889,0.419;                       0001957P0001142
110,2.384,-0.889,0.419,2.384,-0.381,0.419;                       0001959P0001143
110,2.384,-0.381,0.419,1.994,-0.381,0.419;                       0001961P0001144
144,1965,1,0,1967;                                               0001963P0001145
108,0.,0.,-1.,-0.314,0,1.994,-0.889,0.314,0.;                    0001965P0001146
142,0,1965,0,1969,2;                                             0001967P0001147
102,4,1971,1973,1975,1977;                                       0001969P0001148
110,1.994,-0.889,0.314,1.994,-0.381,0.314;                       0001971P0001149
110,1.994,-0.381,0.314,2.384,-0.381,0.314;                       0001973P0001150
110,2.384,-0.381,0.314,2.384,-0.889,0.314;                       0001975P0001151
110,2.384,-0.889,0.314,1.994,-0.889,0.314;                       0001977P0001152
144,1981,1,0,1983;                                               0001979P0001153
108,0.965885549,0.,0.258969314,2.566161928,0,2.608,-0.889,0.182, 0001981P0001154
0.;                                                              0001981P0001155
142,0,1981,0,1985,2;                                             0001983P0001156
102,4,1987,1989,1991,1993;                                       0001985P0001157
110,2.608,-0.889,0.182,2.608,-0.381,0.182;                       0001987P0001158
110,2.607986479,-0.381,0.181996375,2.586,-0.381,0.264;           0001989P0001159
110,2.586,-0.381,0.264,2.586,-0.889,0.264;                       0001991P0001160
110,2.586013521,-0.889,0.264003625,2.608,-0.889,0.182;           0001993P0001161
144,1997,1,0,1999;                                               0001995P0001162
108,-0.965885549,0.,-0.258969314,-2.461615316,0,2.507,-0.381,    0001997P0001163
0.155,0.;                                                        0001997P0001164
142,0,1997,0,2001,2;                                             0001999P0001165
102,4,2003,2005,2007,2009;                                       0002001P0001166
110,2.507,-0.381,0.155,2.507,-0.889,0.155;                       0002003P0001167
110,2.506986479,-0.889,0.154996375,2.485,-0.889,0.237;           0002005P0001168
110,2.485,-0.889,0.237,2.485,-0.381,0.237;                       0002007P0001169
110,2.485013521,-0.381,0.237003625,2.507,-0.381,0.155;           0002009P0001170
144,2013,1,0,2015;                                               0002011P0001171
108,0.,0.,1.,0.105,0,3.099,-0.889,0.105,0.;                      0002013P0001172
142,0,2013,0,2017,2;                                             0002015P0001173
102,4,2019,2021,2023,2025;                                       0002017P0001174
110,3.099,-0.889,0.105,3.099,-0.381,0.105;                       0002019P0001175
110,3.099,-0.381,0.105,2.709,-0.381,0.105;                       0002021P0001176
110,2.709,-0.381,0.105,2.709,-0.889,0.105;                       0002023P0001177
110,2.709,-0.889,0.105,3.099,-0.889,0.105;                       0002025P0001178
144,2029,1,0,2031;                                               0002027P0001179
108,0.,0.,-1.,0.,0,2.709,-0.889,0.,0.;                           0002029P0001180
142,0,2029,0,2033,2;                                             0002031P0001181
102,4,2035,2037,2039,2041;                                       0002033P0001182
110,2.709,-0.889,0.,2.709,-0.381,0.;                             0002035P0001183
110,2.709,-0.381,0.,3.099,-0.381,0.;                             0002037P0001184
110,3.099,-0.381,0.,3.099,-0.889,0.;                             0002039P0001185
110,3.099,-0.889,0.,2.709,-0.889,0.;                             0002041P0001186
144,2045,1,0,2047;                                               0002043P0001187
108,1.,0.,0.,3.099,0,3.099,-0.889,0.,0.;                         0002045P0001188
142,0,2045,0,2049,2;                                             0002047P0001189
102,4,2051,2053,2055,2057;                                       0002049P0001190
110,3.099,-0.889,0.,3.099,-0.381,0.;                             0002051P0001191
110,3.099,-0.381,0.,3.099,-0.381,0.105;                          0002053P0001192
110,3.099,-0.381,0.105,3.099,-0.889,0.105;                       0002055P0001193
110,3.099,-0.889,0.105,3.099,-0.889,0.;                          0002057P0001194
144,2061,1,0,2069;                                               0002059P0001195
120,2065,2067,4.973607515,6.283185307;                           0002061P0001196
124,0.,1.,0.,2.384,0.,0.,1.,-0.381,1.,0.,0.,0.21;                0002063P0001197
110,0.,0.,1.,0.,0.,0.;                                           0002065P0001198
110,0.20955,0.,-0.508,0.20955,0.,0.;                             0002067P0001199
142,0,2061,2071,2081,3;                                          0002069P0001200
102,4,2073,2075,2077,2079;                                       0002071P0001201
110,1.,6.283185307,0.,-2.220446049E-16,6.283185307,0.;           0002073P0001202
110,3.944304526E-31,6.283185307,0.,-5.724107943E-16,4.973607515, 0002075P0001203
0.;                                                              0002075P0001204
110,-5.724107943E-16,4.973607515,0.,1.,4.973607515,0.;           0002077P0001205
110,1.,4.973607515,0.,1.,6.283185307,0.;                         0002079P0001206
102,4,2083,2085,2089,2091;                                       0002081P0001207
110,2.384,-0.381,0.419,2.384,-0.889,0.419;                       0002083P0001208
100,0.,0.,0.,0.127633182,0.166195588,-0.127595286,0.166224684;   0002085P0001209
124,-0.793107077,0.609082232,0.,2.384,0.,0.,1.,-0.889,           0002087P0001210
0.609082232,0.793107077,0.,0.21;                                 0002087P0001211
110,2.586,-0.889,0.264,2.586,-0.381,0.264;                       0002089P0001212
100,0.,0.,0.,0.127595286,0.166224684,-0.127633182,0.166195588;   0002091P0001213
124,0.793107077,0.609082232,0.,2.384,0.,0.,-1.,-0.381,           0002093P0001214
-0.609082232,0.793107077,-0.,0.21;                               0002093P0001215
144,2097,1,0,2105;                                               0002095P0001216
120,2101,2103,3.141592654,4.451170446;                           0002097P0001217
124,0.,1.,0.,2.384,0.,-0.,1.,-0.889,-1.,0.,0.,0.21;              0002099P0001218
110,0.,0.,1.,0.,0.,0.;                                           0002101P0001219
110,0.104775,0.,0.,0.104775,0.,0.508;                            0002103P0001220
142,0,2097,2107,2117,3;                                          0002105P0001221
102,4,2109,2111,2113,2115;                                       0002107P0001222
110,-1.373176574E-15,3.141592654,0.,1.,3.141592654,0.;           0002109P0001223
110,1.,3.141592654,0.,1.,4.451170446,0.;                         0002111P0001224
110,1.,4.451170446,0.,-9.992007222E-16,4.451170446,0.;           0002113P0001225
110,-8.007657798E-16,4.451170446,0.,-1.373176574E-15,            0002115P0001226
3.141592654,0.;                                                  0002115P0001227
102,4,2119,2121,2125,2127;                                       0002117P0001228
110,2.384,-0.889,0.314,2.384,-0.381,0.314;                       0002119P0001229
100,0.,0.,0.,6.381659082E-02,8.309779396E-02,-6.379764302E-02,   0002121P0001230
8.311234186E-02;                                                 0002121P0001231
124,-0.793107077,0.609082232,0.,2.384,0.,0.,1.,-0.381,           0002123P0001232
0.609082232,0.793107077,0.,0.21;                                 0002123P0001233
110,2.485,-0.381,0.237,2.485,-0.889,0.237;                       0002125P0001234
100,0.,0.,0.,6.379764302E-02,8.311234186E-02,-6.381659082E-02,   0002127P0001235
8.309779396E-02;                                                 0002127P0001236
124,0.793107077,0.609082232,0.,2.384,0.,0.,-1.,-0.889,           0002129P0001237
-0.609082232,0.793107077,-0.,0.21;                               0002129P0001238
144,2133,1,0,2141;                                               0002131P0001239
120,2137,2139,3.141592654,4.441952855;                           0002133P0001240
124,0.,-1.,0.,2.709,0.,0.,1.,-0.889,1.,0.,0.,0.21;               0002135P0001241
110,0.,0.,1.,0.,0.,0.;                                           0002137P0001242
110,0.104775,0.,0.,0.104775,0.,0.508;                            0002139P0001243
142,0,2133,2143,2153,3;                                          0002141P0001244
102,4,2145,2147,2149,2151;                                       0002143P0001245
110,-1.373176574E-15,3.141592654,0.,1.,3.141592654,0.;           0002145P0001246
110,1.,3.141592654,0.,1.,4.441952855,0.;                         0002147P0001247
110,1.,4.441952855,0.,-9.992007222E-16,4.441952855,0.;           0002149P0001248
110,-8.047947488E-16,4.441952855,0.,-1.373176574E-15,            0002151P0001249
3.141592654,0.;                                                  0002151P0001250
102,4,2155,2157,2161,2163;                                       0002153P0001251
110,2.709,-0.889,0.105,2.709,-0.381,0.105;                       0002155P0001252
100,0.,0.,0.,6.381659082E-02,8.309779396E-02,-6.30288481E-02,    0002157P0001253
8.369686333E-02;                                                 0002157P0001254
124,0.793107077,-0.609082232,0.,2.709,0.,0.,1.,-0.381,           0002159P0001255
-0.609082232,-0.793107077,0.,0.21;                               0002159P0001256
110,2.608,-0.381,0.182,2.608,-0.889,0.182;                       0002161P0001257
100,0.,0.,0.,6.30288481E-02,8.369686333E-02,-6.381659082E-02,    0002163P0001258
8.309779396E-02;                                                 0002163P0001259
124,-0.793107077,-0.609082232,0.,2.709,0.,0.,-1.,-0.889,         0002165P0001260
0.609082232,-0.793107077,-0.,0.21;                               0002165P0001261
144,2169,1,0,2177;                                               0002167P0001262
120,2173,2175,4.978222094,6.283185307;                           0002169P0001263
124,0.,-1.,0.,2.709,0.,0.,1.,-0.889,-1.,0.,0.,0.21;              0002171P0001264
110,0.,0.,1.,0.,0.,0.;                                           0002173P0001265
110,0.20955,0.,0.,0.20955,0.,0.508;                              0002175P0001266
142,0,2169,2179,2189,3;                                          0002177P0001267
102,4,2181,2183,2185,2187;                                       0002179P0001268
110,1.,6.283185307,0.,-2.220446049E-16,6.283185307,0.;           0002181P0001269
110,3.944304526E-31,6.283185307,0.,-5.703937819E-16,4.978222094, 0002183P0001270
0.;                                                              0002183P0001271
110,-5.703937819E-16,4.978222094,0.,1.,4.978222094,0.;           0002185P0001272
110,1.,4.978222094,0.,1.,6.283185307,0.;                         0002187P0001273
102,4,2191,2193,2197,2199;                                       0002189P0001274
110,2.709,-0.381,0.,2.709,-0.889,0.;                             0002191P0001275
100,0.,0.,0.,0.127633182,0.166195588,-0.126826873,0.16681171;    0002193P0001276
124,0.793107077,-0.609082232,0.,2.709,0.,0.,1.,-0.889,           0002195P0001277
-0.609082232,-0.793107077,0.,0.21;                               0002195P0001278
110,2.507,-0.889,0.155,2.507,-0.381,0.155;                       0002197P0001279
100,0.,0.,0.,0.126826873,0.16681171,-0.127633182,0.166195588;    0002199P0001280
124,-0.793107077,-0.609082232,0.,2.709,0.,0.,-1.,-0.381,         0002201P0001281
0.609082232,-0.793107077,-0.,0.21;                               0002201P0001282
144,2205,1,0,2207;                                               0002203P0001283
108,0.,-1.,0.,0.889,0,1.994,-0.889,0.314,0.;                     0002205P0001284
142,0,2205,0,2209,2;                                             0002207P0001285
102,12,2211,2213,2215,2217,2221,2223,2227,2229,2231,2233,2237,   0002209P0001286
2239;                                                            0002209P0001287
110,2.384,-0.889,0.419,1.994,-0.889,0.419;                       0002211P0001288
110,1.994,-0.889,0.419,1.994,-0.889,0.314;                       0002213P0001289
110,1.994,-0.889,0.314,2.384,-0.889,0.314;                       0002215P0001290
100,0.,0.,0.,-6.381659082E-02,-8.309779396E-02,6.379764302E-02,  0002217P0001291
-8.311234186E-02;                                                0002217P0001292
124,0.793107077,-0.609082232,0.,2.384,0.,0.,1.,-0.889,           0002219P0001293
-0.609082232,-0.793107077,0.,0.21;                               0002219P0001294
110,2.485,-0.889,0.237,2.506986479,-0.889,0.154996375;           0002221P0001295
100,0.,0.,0.,-0.126826873,-0.16681171,0.127633182,-0.166195588;  0002223P0001296
124,0.793107077,0.609082232,0.,2.709,0.,0.,-1.,-0.889,           0002225P0001297
-0.609082232,0.793107077,0.,0.21;                                0002225P0001298
110,2.709,-0.889,0.,3.099,-0.889,0.;                             0002227P0001299
110,3.099,-0.889,0.,3.099,-0.889,0.105;                          0002229P0001300
110,3.099,-0.889,0.105,2.709,-0.889,0.105;                       0002231P0001301
100,0.,0.,0.,-6.381659082E-02,-8.309779396E-02,6.30288481E-02,   0002233P0001302
-8.369686333E-02;                                                0002233P0001303
124,-0.793107077,0.609082232,0.,2.709,0.,0.,1.,-0.889,           0002235P0001304
0.609082232,0.793107077,0.,0.21;                                 0002235P0001305
110,2.608,-0.889,0.182,2.586013521,-0.889,0.264003625;           0002237P0001306
100,0.,0.,0.,-0.127595286,-0.166224684,0.127633182,-0.166195588; 0002239P0001307
124,-0.793107077,-0.609082232,0.,2.384,0.,0.,-1.,-0.889,         0002241P0001308
0.609082232,-0.793107077,0.,0.21;                                0002241P0001309
144,2245,1,0,2247;                                               0002243P0001310
108,0.,1.,0.,-0.381,0,2.709,-0.381,0.105,0.;                     0002245P0001311
142,0,2245,0,2249,2;                                             0002247P0001312
102,12,2251,2253,2255,2257,2261,2263,2267,2269,2271,2273,2277,   0002249P0001313
2279;                                                            0002249P0001314
110,2.384,-0.381,0.314,1.994,-0.381,0.314;                       0002251P0001315
110,1.994,-0.381,0.314,1.994,-0.381,0.419;                       0002253P0001316
110,1.994,-0.381,0.419,2.384,-0.381,0.419;                       0002255P0001317
100,0.,0.,0.,-0.127633182,-0.166195588,0.127595286,-0.166224684; 0002257P0001318
124,0.793107077,-0.609082232,0.,2.384,0.,0.,1.,-0.381,           0002259P0001319
-0.609082232,-0.793107077,0.,0.21;                               0002259P0001320
110,2.586,-0.381,0.264,2.607986479,-0.381,0.181996375;           0002261P0001321
100,0.,0.,0.,-6.30288481E-02,-8.369686333E-02,6.381659082E-02,   0002263P0001322
-8.309779396E-02;                                                0002263P0001323
124,0.793107077,0.609082232,0.,2.709,0.,0.,-1.,-0.381,           0002265P0001324
-0.609082232,0.793107077,0.,0.21;                                0002265P0001325
110,2.709,-0.381,0.105,3.099,-0.381,0.105;                       0002267P0001326
110,3.099,-0.381,0.105,3.099,-0.381,0.;                          0002269P0001327
110,3.099,-0.381,0.,2.709,-0.381,0.;                             0002271P0001328
100,0.,0.,0.,-0.127633182,-0.166195588,0.126826873,-0.16681171;  0002273P0001329
124,-0.793107077,0.609082232,0.,2.709,0.,0.,1.,-0.381,           0002275P0001330
0.609082232,0.793107077,0.,0.21;                                 0002275P0001331
110,2.507,-0.381,0.155,2.485013521,-0.381,0.237003625;           0002277P0001332
100,0.,0.,0.,-6.379764302E-02,-8.311234186E-02,6.381659082E-02,  0002279P0001333
-8.309779396E-02;                                                0002279P0001334
124,-0.793107077,-0.609082232,0.,2.384,0.,0.,-1.,-0.381,         0002281P0001335
0.609082232,-0.793107077,0.,0.21;                                0002281P0001336
402,14,2285,2301,2317,2333,2349,2365,2381,2397,2413,2449,2485,   0002283P0001337
2521,2557,2597;                                                  0002283P0001338
144,2287,1,0,2289;                                               0002285P0001339
108,-1.,0.,0.,-1.994,0,1.994,0.889,0.314,0.;                     0002287P0001340
142,0,2287,0,2291,2;                                             0002289P0001341
102,4,2293,2295,2297,2299;                                       0002291P0001342
110,1.994,0.889,0.314,1.994,0.381,0.314;                         0002293P0001343
110,1.994,0.381,0.314,1.994,0.381,0.419;                         0002295P0001344
110,1.994,0.381,0.419,1.994,0.889,0.419;                         0002297P0001345
110,1.994,0.889,0.419,1.994,0.889,0.314;                         0002299P0001346
144,2303,1,0,2305;                                               0002301P0001347
108,0.,0.,1.,0.419,0,1.994,0.889,0.419,0.;                       0002303P0001348
142,0,2303,0,2307,2;                                             0002305P0001349
102,4,2309,2311,2313,2315;                                       0002307P0001350
110,1.994,0.889,0.419,1.994,0.381,0.419;                         0002309P0001351
110,1.994,0.381,0.419,2.384,0.381,0.419;                         0002311P0001352
110,2.384,0.381,0.419,2.384,0.889,0.419;                         0002313P0001353
110,2.384,0.889,0.419,1.994,0.889,0.419;                         0002315P0001354
144,2319,1,0,2321;                                               0002317P0001355
108,0.,0.,-1.,-0.314,0,1.994,0.381,0.314,0.;                     0002319P0001356
142,0,2319,0,2323,2;                                             0002321P0001357
102,4,2325,2327,2329,2331;                                       0002323P0001358
110,1.994,0.381,0.314,1.994,0.889,0.314;                         0002325P0001359
110,1.994,0.889,0.314,2.384,0.889,0.314;                         0002327P0001360
110,2.384,0.889,0.314,2.384,0.381,0.314;                         0002329P0001361
110,2.384,0.381,0.314,1.994,0.381,0.314;                         0002331P0001362
144,2335,1,0,2337;                                               0002333P0001363
108,0.965885549,0.,0.258969314,2.566161928,0,2.608,0.381,0.182,  0002335P0001364
0.;                                                              0002335P0001365
142,0,2335,0,2339,2;                                             0002337P0001366
102,4,2341,2343,2345,2347;                                       0002339P0001367
110,2.608,0.381,0.182,2.608,0.889,0.182;                         0002341P0001368
110,2.607986479,0.889,0.181996375,2.586,0.889,0.264;             0002343P0001369
110,2.586,0.889,0.264,2.586,0.381,0.264;                         0002345P0001370
110,2.586013521,0.381,0.264003625,2.608,0.381,0.182;             0002347P0001371
144,2351,1,0,2353;                                               0002349P0001372
108,-0.965885549,0.,-0.258969314,-2.461615316,0,2.507,0.889,     0002351P0001373
0.155,0.;                                                        0002351P0001374
142,0,2351,0,2355,2;                                             0002353P0001375
102,4,2357,2359,2361,2363;                                       0002355P0001376
110,2.507,0.889,0.155,2.507,0.381,0.155;                         0002357P0001377
110,2.506986479,0.381,0.154996375,2.485,0.381,0.237;             0002359P0001378
110,2.485,0.381,0.237,2.485,0.889,0.237;                         0002361P0001379
110,2.485013521,0.889,0.237003625,2.507,0.889,0.155;             0002363P0001380
144,2367,1,0,2369;                                               0002365P0001381
108,0.,0.,1.,0.105,0,3.099,0.381,0.105,0.;                       0002367P0001382
142,0,2367,0,2371,2;                                             0002369P0001383
102,4,2373,2375,2377,2379;                                       0002371P0001384
110,3.099,0.381,0.105,3.099,0.889,0.105;                         0002373P0001385
110,3.099,0.889,0.105,2.709,0.889,0.105;                         0002375P0001386
110,2.709,0.889,0.105,2.709,0.381,0.105;                         0002377P0001387
110,2.709,0.381,0.105,3.099,0.381,0.105;                         0002379P0001388
144,2383,1,0,2385;                                               0002381P0001389
108,0.,0.,-1.,0.,0,2.709,0.381,0.,0.;                            0002383P0001390
142,0,2383,0,2387,2;                                             0002385P0001391
102,4,2389,2391,2393,2395;                                       0002387P0001392
110,2.709,0.381,0.,2.709,0.889,0.;                               0002389P0001393
110,2.709,0.889,0.,3.099,0.889,0.;                               0002391P0001394
110,3.099,0.889,0.,3.099,0.381,0.;                               0002393P0001395
110,3.099,0.381,0.,2.709,0.381,0.;                               0002395P0001396
144,2399,1,0,2401;                                               0002397P0001397
108,1.,0.,0.,3.099,0,3.099,0.381,0.,0.;                          0002399P0001398
142,0,2399,0,2403,2;                                             0002401P0001399
102,4,2405,2407,2409,2411;                                       0002403P0001400
110,3.099,0.381,0.,3.099,0.889,0.;                               0002405P0001401
110,3.099,0.889,0.,3.099,0.889,0.105;                            0002407P0001402
110,3.099,0.889,0.105,3.099,0.381,0.105;                         0002409P0001403
110,3.099,0.381,0.105,3.099,0.381,0.;                            0002411P0001404
144,2415,1,0,2423;                                               0002413P0001405
120,2419,2421,4.973607515,6.283185307;                           0002415P0001406
124,0.,1.,0.,2.384,0.,0.,1.,0.889,1.,0.,0.,0.21;                 0002417P0001407
110,0.,0.,1.,0.,0.,0.;                                           0002419P0001408
110,0.20955,0.,-0.508,0.20955,0.,0.;                             0002421P0001409
142,0,2415,2425,2435,3;                                          0002423P0001410
102,4,2427,2429,2431,2433;                                       0002425P0001411
110,1.,6.283185307,0.,-2.220446049E-16,6.283185307,0.;           0002427P0001412
110,3.944304526E-31,6.283185307,0.,-5.724107943E-16,4.973607515, 0002429P0001413
0.;                                                              0002429P0001414
110,-5.724107943E-16,4.973607515,0.,1.,4.973607515,0.;           0002431P0001415
110,1.,4.973607515,0.,1.,6.283185307,0.;                         0002433P0001416
102,4,2437,2439,2443,2445;                                       0002435P0001417
110,2.384,0.889,0.419,2.384,0.381,0.419;                         0002437P0001418
100,0.,0.,0.,0.127633182,0.166195588,-0.127595286,0.166224684;   0002439P0001419
124,-0.793107077,0.609082232,0.,2.384,0.,0.,1.,0.381,            0002441P0001420
0.609082232,0.793107077,0.,0.21;                                 0002441P0001421
110,2.586,0.381,0.264,2.586,0.889,0.264;                         0002443P0001422
100,0.,0.,0.,0.127595286,0.166224684,-0.127633182,0.166195588;   0002445P0001423
124,0.793107077,0.609082232,0.,2.384,0.,0.,-1.,0.889,            0002447P0001424
-0.609082232,0.793107077,-0.,0.21;                               0002447P0001425
144,2451,1,0,2459;                                               0002449P0001426
120,2455,2457,3.141592654,4.451170446;                           0002451P0001427
124,0.,1.,0.,2.384,0.,-0.,1.,0.381,-1.,0.,0.,0.21;               0002453P0001428
110,0.,0.,1.,0.,0.,0.;                                           0002455P0001429
110,0.104775,0.,0.,0.104775,0.,0.508;                            0002457P0001430
142,0,2451,2461,2471,3;                                          0002459P0001431
102,4,2463,2465,2467,2469;                                       0002461P0001432
110,-1.373176574E-15,3.141592654,0.,1.,3.141592654,0.;           0002463P0001433
110,1.,3.141592654,0.,1.,4.451170446,0.;                         0002465P0001434
110,1.,4.451170446,0.,-9.992007222E-16,4.451170446,0.;           0002467P0001435
110,-8.007657798E-16,4.451170446,0.,-1.373176574E-15,            0002469P0001436
3.141592654,0.;                                                  0002469P0001437
102,4,2473,2475,2479,2481;                                       0002471P0001438
110,2.384,0.381,0.314,2.384,0.889,0.314;                         0002473P0001439
100,0.,0.,0.,6.381659082E-02,8.309779396E-02,-6.379764302E-02,   0002475P0001440
8.311234186E-02;                                                 0002475P0001441
124,-0.793107077,0.609082232,0.,2.384,0.,0.,1.,0.889,            0002477P0001442
0.609082232,0.793107077,0.,0.21;                                 0002477P0001443
110,2.485,0.889,0.237,2.485,0.381,0.237;                         0002479P0001444
100,0.,0.,0.,6.379764302E-02,8.311234186E-02,-6.381659082E-02,   0002481P0001445
8.309779396E-02;                                                 0002481P0001446
124,0.793107077,0.609082232,0.,2.384,0.,0.,-1.,0.381,            0002483P0001447
-0.609082232,0.793107077,-0.,0.21;                               0002483P0001448
144,2487,1,0,2495;                                               0002485P0001449
120,2491,2493,3.141592654,4.441952855;                           0002487P0001450
124,0.,-1.,0.,2.709,0.,0.,1.,0.381,1.,0.,0.,0.21;                0002489P0001451
110,0.,0.,1.,0.,0.,0.;                                           0002491P0001452
110,0.104775,0.,0.,0.104775,0.,0.508;                            0002493P0001453
142,0,2487,2497,2507,3;                                          0002495P0001454
102,4,2499,2501,2503,2505;                                       0002497P0001455
110,-1.373176574E-15,3.141592654,0.,1.,3.141592654,0.;           0002499P0001456
110,1.,3.141592654,0.,1.,4.441952855,0.;                         0002501P0001457
110,1.,4.441952855,0.,-9.992007222E-16,4.441952855,0.;           0002503P0001458
110,-8.047947488E-16,4.441952855,0.,-1.373176574E-15,            0002505P0001459
3.141592654,0.;                                                  0002505P0001460
102,4,2509,2511,2515,2517;                                       0002507P0001461
110,2.709,0.381,0.105,2.709,0.889,0.105;                         0002509P0001462
100,0.,0.,0.,6.381659082E-02,8.309779396E-02,-6.30288481E-02,    0002511P0001463
8.369686333E-02;                                                 0002511P0001464
124,0.793107077,-0.609082232,0.,2.709,0.,0.,1.,0.889,            0002513P0001465
-0.609082232,-0.793107077,0.,0.21;                               0002513P0001466
110,2.608,0.889,0.182,2.608,0.381,0.182;                         0002515P0001467
100,0.,0.,0.,6.30288481E-02,8.369686333E-02,-6.381659082E-02,    0002517P0001468
8.309779396E-02;                                                 0002517P0001469
124,-0.793107077,-0.609082232,0.,2.709,0.,0.,-1.,0.381,          0002519P0001470
0.609082232,-0.793107077,-0.,0.21;                               0002519P0001471
144,2523,1,0,2531;                                               0002521P0001472
120,2527,2529,4.978222094,6.283185307;                           0002523P0001473
124,0.,-1.,0.,2.709,0.,0.,1.,0.381,-1.,0.,0.,0.21;               0002525P0001474
110,0.,0.,1.,0.,0.,0.;                                           0002527P0001475
110,0.20955,0.,0.,0.20955,0.,0.508;                              0002529P0001476
142,0,2523,2533,2543,3;                                          0002531P0001477
102,4,2535,2537,2539,2541;                                       0002533P0001478
110,1.,6.283185307,0.,-2.220446049E-16,6.283185307,0.;           0002535P0001479
110,3.944304526E-31,6.283185307,0.,-5.703937819E-16,4.978222094, 0002537P0001480
0.;                                                              0002537P0001481
110,-5.703937819E-16,4.978222094,0.,1.,4.978222094,0.;           0002539P0001482
110,1.,4.978222094,0.,1.,6.283185307,0.;                         0002541P0001483
102,4,2545,2547,2551,2553;                                       0002543P0001484
110,2.709,0.889,0.,2.709,0.381,0.;                               0002545P0001485
100,0.,0.,0.,0.127633182,0.166195588,-0.126826873,0.16681171;    0002547P0001486
124,0.793107077,-0.609082232,0.,2.709,0.,0.,1.,0.381,            0002549P0001487
-0.609082232,-0.793107077,0.,0.21;                               0002549P0001488
110,2.507,0.381,0.155,2.507,0.889,0.155;                         0002551P0001489
100,0.,0.,0.,0.126826873,0.16681171,-0.127633182,0.166195588;    0002553P0001490
124,-0.793107077,-0.609082232,0.,2.709,0.,0.,-1.,0.889,          0002555P0001491
0.609082232,-0.793107077,-0.,0.21;                               0002555P0001492
144,2559,1,0,2561;                                               0002557P0001493
108,0.,-1.,0.,-0.381,0,1.994,0.381,0.314,0.;                     0002559P0001494
142,0,2559,0,2563,2;                                             0002561P0001495
102,12,2565,2567,2569,2571,2575,2577,2581,2583,2585,2587,2591,   0002563P0001496
2593;                                                            0002563P0001497
110,2.384,0.381,0.419,1.994,0.381,0.419;                         0002565P0001498
110,1.994,0.381,0.419,1.994,0.381,0.314;                         0002567P0001499
110,1.994,0.381,0.314,2.384,0.381,0.314;                         0002569P0001500
100,0.,0.,0.,-6.381659082E-02,-8.309779396E-02,6.379764302E-02,  0002571P0001501
-8.311234186E-02;                                                0002571P0001502
124,0.793107077,-0.609082232,0.,2.384,0.,0.,1.,0.381,            0002573P0001503
-0.609082232,-0.793107077,0.,0.21;                               0002573P0001504
110,2.485,0.381,0.237,2.506986479,0.381,0.154996375;             0002575P0001505
100,0.,0.,0.,-0.126826873,-0.16681171,0.127633182,-0.166195588;  0002577P0001506
124,0.793107077,0.609082232,0.,2.709,0.,0.,-1.,0.381,            0002579P0001507
-0.609082232,0.793107077,0.,0.21;                                0002579P0001508
110,2.709,0.381,0.,3.099,0.381,0.;                               0002581P0001509
110,3.099,0.381,0.,3.099,0.381,0.105;                            0002583P0001510
110,3.099,0.381,0.105,2.709,0.381,0.105;                         0002585P0001511
100,0.,0.,0.,-6.381659082E-02,-8.309779396E-02,6.30288481E-02,   0002587P0001512
-8.369686333E-02;                                                0002587P0001513
124,-0.793107077,0.609082232,0.,2.709,0.,0.,1.,0.381,            0002589P0001514
0.609082232,0.793107077,0.,0.21;                                 0002589P0001515
110,2.608,0.381,0.182,2.586013521,0.381,0.264003625;             0002591P0001516
100,0.,0.,0.,-0.127595286,-0.166224684,0.127633182,-0.166195588; 0002593P0001517
124,-0.793107077,-0.609082232,0.,2.384,0.,0.,-1.,0.381,          0002595P0001518
0.609082232,-0.793107077,0.,0.21;                                0002595P0001519
144,2599,1,0,2601;                                               0002597P0001520
108,0.,1.,0.,0.889,0,2.709,0.889,0.105,0.;                       0002599P0001521
142,0,2599,0,2603,2;                                             0002601P0001522
102,12,2605,2607,2609,2611,2615,2617,2621,2623,2625,2627,2631,   0002603P0001523
2633;                                                            0002603P0001524
110,2.384,0.889,0.314,1.994,0.889,0.314;                         0002605P0001525
110,1.994,0.889,0.314,1.994,0.889,0.419;                         0002607P0001526
110,1.994,0.889,0.419,2.384,0.889,0.419;                         0002609P0001527
100,0.,0.,0.,-0.127633182,-0.166195588,0.127595286,-0.166224684; 0002611P0001528
124,0.793107077,-0.609082232,0.,2.384,0.,0.,1.,0.889,            0002613P0001529
-0.609082232,-0.793107077,0.,0.21;                               0002613P0001530
110,2.586,0.889,0.264,2.607986479,0.889,0.181996375;             0002615P0001531
100,0.,0.,0.,-6.30288481E-02,-8.369686333E-02,6.381659082E-02,   0002617P0001532
-8.309779396E-02;                                                0002617P0001533
124,0.793107077,0.609082232,0.,2.709,0.,0.,-1.,0.889,            0002619P0001534
-0.609082232,0.793107077,0.,0.21;                                0002619P0001535
110,2.709,0.889,0.105,3.099,0.889,0.105;                         0002621P0001536
110,3.099,0.889,0.105,3.099,0.889,0.;                            0002623P0001537
110,3.099,0.889,0.,2.709,0.889,0.;                               0002625P0001538
100,0.,0.,0.,-0.127633182,-0.166195588,0.126826873,-0.16681171;  0002627P0001539
124,-0.793107077,0.609082232,0.,2.709,0.,0.,1.,0.889,            0002629P0001540
0.609082232,0.793107077,0.,0.21;                                 0002629P0001541
110,2.507,0.889,0.155,2.485013521,0.889,0.237003625;             0002631P0001542
100,0.,0.,0.,-6.379764302E-02,-8.311234186E-02,6.381659082E-02,  0002633P0001543
-8.309779396E-02;                                                0002633P0001544
124,-0.793107077,-0.609082232,0.,2.384,0.,0.,-1.,0.889,          0002635P0001545
0.609082232,-0.793107077,0.,0.21;                                0002635P0001546
402,14,2639,2655,2671,2687,2703,2719,2735,2751,2767,2803,2839,   0002637P0001547
2875,2911,2951;                                                  0002637P0001548
144,2641,1,0,2643;                                               0002639P0001549
108,-1.,0.,0.,-1.994,0,1.994,2.159,0.314,0.;                     0002641P0001550
142,0,2641,0,2645,2;                                             0002643P0001551
102,4,2647,2649,2651,2653;                                       0002645P0001552
110,1.994,2.159,0.314,1.994,1.651,0.314;                         0002647P0001553
110,1.994,1.651,0.314,1.994,1.651,0.419;                         0002649P0001554
110,1.994,1.651,0.419,1.994,2.159,0.419;                         0002651P0001555
110,1.994,2.159,0.419,1.994,2.159,0.314;                         0002653P0001556
144,2657,1,0,2659;                                               0002655P0001557
108,0.,0.,1.,0.419,0,1.994,2.159,0.419,0.;                       0002657P0001558
142,0,2657,0,2661,2;                                             0002659P0001559
102,4,2663,2665,2667,2669;                                       0002661P0001560
110,1.994,2.159,0.419,1.994,1.651,0.419;                         0002663P0001561
110,1.994,1.651,0.419,2.384,1.651,0.419;                         0002665P0001562
110,2.384,1.651,0.419,2.384,2.159,0.419;                         0002667P0001563
110,2.384,2.159,0.419,1.994,2.159,0.419;                         0002669P0001564
144,2673,1,0,2675;                                               0002671P0001565
108,0.,0.,-1.,-0.314,0,1.994,1.651,0.314,0.;                     0002673P0001566
142,0,2673,0,2677,2;                                             0002675P0001567
102,4,2679,2681,2683,2685;                                       0002677P0001568
110,1.994,1.651,0.314,1.994,2.159,0.314;                         0002679P0001569
110,1.994,2.159,0.314,2.384,2.159,0.314;                         0002681P0001570
110,2.384,2.159,0.314,2.384,1.651,0.314;                         0002683P0001571
110,2.384,1.651,0.314,1.994,1.651,0.314;                         0002685P0001572
144,2689,1,0,2691;                                               0002687P0001573
108,0.965885549,0.,0.258969314,2.566161928,0,2.608,1.651,0.182,  0002689P0001574
0.;                                                              0002689P0001575
142,0,2689,0,2693,2;                                             0002691P0001576
102,4,2695,2697,2699,2701;                                       0002693P0001577
110,2.608,1.651,0.182,2.608,2.159,0.182;                         0002695P0001578
110,2.607986479,2.159,0.181996375,2.586,2.159,0.264;             0002697P0001579
110,2.586,2.159,0.264,2.586,1.651,0.264;                         0002699P0001580
110,2.586013521,1.651,0.264003625,2.608,1.651,0.182;             0002701P0001581
144,2705,1,0,2707;                                               0002703P0001582
108,-0.965885549,0.,-0.258969314,-2.461615316,0,2.507,2.159,     0002705P0001583
0.155,0.;                                                        0002705P0001584
142,0,2705,0,2709,2;                                             0002707P0001585
102,4,2711,2713,2715,2717;                                       0002709P0001586
110,2.507,2.159,0.155,2.507,1.651,0.155;                         0002711P0001587
110,2.506986479,1.651,0.154996375,2.485,1.651,0.237;             0002713P0001588
110,2.485,1.651,0.237,2.485,2.159,0.237;                         0002715P0001589
110,2.485013521,2.159,0.237003625,2.507,2.159,0.155;             0002717P0001590
144,2721,1,0,2723;                                               0002719P0001591
108,0.,0.,1.,0.105,0,3.099,1.651,0.105,0.;                       0002721P0001592
142,0,2721,0,2725,2;                                             0002723P0001593
102,4,2727,2729,2731,2733;                                       0002725P0001594
110,3.099,1.651,0.105,3.099,2.159,0.105;                         0002727P0001595
110,3.099,2.159,0.105,2.709,2.159,0.105;                         0002729P0001596
110,2.709,2.159,0.105,2.709,1.651,0.105;                         0002731P0001597
110,2.709,1.651,0.105,3.099,1.651,0.105;                         0002733P0001598
144,2737,1,0,2739;                                               0002735P0001599
108,0.,0.,-1.,0.,0,2.709,1.651,0.,0.;                            0002737P0001600
142,0,2737,0,2741,2;                                             0002739P0001601
102,4,2743,2745,2747,2749;                                       0002741P0001602
110,2.709,1.651,0.,2.709,2.159,0.;                               0002743P0001603
110,2.709,2.159,0.,3.099,2.159,0.;                               0002745P0001604
110,3.099,2.159,0.,3.099,1.651,0.;                               0002747P0001605
110,3.099,1.651,0.,2.709,1.651,0.;                               0002749P0001606
144,2753,1,0,2755;                                               0002751P0001607
108,1.,0.,0.,3.099,0,3.099,1.651,0.,0.;                          0002753P0001608
142,0,2753,0,2757,2;                                             0002755P0001609
102,4,2759,2761,2763,2765;                                       0002757P0001610
110,3.099,1.651,0.,3.099,2.159,0.;                               0002759P0001611
110,3.099,2.159,0.,3.099,2.159,0.105;                            0002761P0001612
110,3.099,2.159,0.105,3.099,1.651,0.105;                         0002763P0001613
110,3.099,1.651,0.105,3.099,1.651,0.;                            0002765P0001614
144,2769,1,0,2777;                                               0002767P0001615
120,2773,2775,4.973607515,6.283185307;                           0002769P0001616
124,0.,1.,0.,2.384,0.,0.,1.,2.159,1.,0.,0.,0.21;                 0002771P0001617
110,0.,0.,1.,0.,0.,0.;                                           0002773P0001618
110,0.20955,0.,-0.508,0.20955,0.,0.;                             0002775P0001619
142,0,2769,2779,2789,3;                                          0002777P0001620
102,4,2781,2783,2785,2787;                                       0002779P0001621
110,1.,6.283185307,0.,-2.220446049E-16,6.283185307,0.;           0002781P0001622
110,3.944304526E-31,6.283185307,0.,-5.724107943E-16,4.973607515, 0002783P0001623
0.;                                                              0002783P0001624
110,-5.724107943E-16,4.973607515,0.,1.,4.973607515,0.;           0002785P0001625
110,1.,4.973607515,0.,1.,6.283185307,0.;                         0002787P0001626
102,4,2791,2793,2797,2799;                                       0002789P0001627
110,2.384,2.159,0.419,2.384,1.651,0.419;                         0002791P0001628
100,0.,0.,0.,0.127633182,0.166195588,-0.127595286,0.166224684;   0002793P0001629
124,-0.793107077,0.609082232,0.,2.384,0.,0.,1.,1.651,            0002795P0001630
0.609082232,0.793107077,0.,0.21;                                 0002795P0001631
110,2.586,1.651,0.264,2.586,2.159,0.264;                         0002797P0001632
100,0.,0.,0.,0.127595286,0.166224684,-0.127633182,0.166195588;   0002799P0001633
124,0.793107077,0.609082232,0.,2.384,0.,0.,-1.,2.159,            0002801P0001634
-0.609082232,0.793107077,-0.,0.21;                               0002801P0001635
144,2805,1,0,2813;                                               0002803P0001636
120,2809,2811,3.141592654,4.451170446;                           0002805P0001637
124,0.,1.,0.,2.384,0.,-0.,1.,1.651,-1.,0.,0.,0.21;               0002807P0001638
110,0.,0.,1.,0.,0.,0.;                                           0002809P0001639
110,0.104775,0.,0.,0.104775,0.,0.508;                            0002811P0001640
142,0,2805,2815,2825,3;                                          0002813P0001641
102,4,2817,2819,2821,2823;                                       0002815P0001642
110,-1.373176574E-15,3.141592654,0.,1.,3.141592654,0.;           0002817P0001643
110,1.,3.141592654,0.,1.,4.451170446,0.;                         0002819P0001644
110,1.,4.451170446,0.,-1.110223025E-15,4.451170446,0.;           0002821P0001645
110,-8.007657798E-16,4.451170446,0.,-1.373176574E-15,            0002823P0001646
3.141592654,0.;                                                  0002823P0001647
102,4,2827,2829,2833,2835;                                       0002825P0001648
110,2.384,1.651,0.314,2.384,2.159,0.314;                         0002827P0001649
100,0.,0.,0.,6.381659082E-02,8.309779396E-02,-6.379764302E-02,   0002829P0001650
8.311234186E-02;                                                 0002829P0001651
124,-0.793107077,0.609082232,0.,2.384,0.,0.,1.,2.159,            0002831P0001652
0.609082232,0.793107077,0.,0.21;                                 0002831P0001653
110,2.485,2.159,0.237,2.485,1.651,0.237;                         0002833P0001654
100,0.,0.,0.,6.379764302E-02,8.311234186E-02,-6.381659082E-02,   0002835P0001655
8.309779396E-02;                                                 0002835P0001656
124,0.793107077,0.609082232,0.,2.384,0.,0.,-1.,1.651,            0002837P0001657
-0.609082232,0.793107077,-0.,0.21;                               0002837P0001658
144,2841,1,0,2849;                                               0002839P0001659
120,2845,2847,3.141592654,4.441952855;                           0002841P0001660
124,0.,-1.,0.,2.709,0.,0.,1.,1.651,1.,0.,0.,0.21;                0002843P0001661
110,0.,0.,1.,0.,0.,0.;                                           0002845P0001662
110,0.104775,0.,0.,0.104775,0.,0.508;                            0002847P0001663
142,0,2841,2851,2861,3;                                          0002849P0001664
102,4,2853,2855,2857,2859;                                       0002851P0001665
110,-1.373176574E-15,3.141592654,0.,1.,3.141592654,0.;           0002853P0001666
110,1.,3.141592654,0.,1.,4.441952855,0.;                         0002855P0001667
110,1.,4.441952855,0.,-1.110223025E-15,4.441952855,0.;           0002857P0001668
110,-8.047947488E-16,4.441952855,0.,-1.373176574E-15,            0002859P0001669
3.141592654,0.;                                                  0002859P0001670
102,4,2863,2865,2869,2871;                                       0002861P0001671
110,2.709,1.651,0.105,2.709,2.159,0.105;                         0002863P0001672
100,0.,0.,0.,6.381659082E-02,8.309779396E-02,-6.30288481E-02,    0002865P0001673
8.369686333E-02;                                                 0002865P0001674
124,0.793107077,-0.609082232,0.,2.709,0.,0.,1.,2.159,            0002867P0001675
-0.609082232,-0.793107077,0.,0.21;                               0002867P0001676
110,2.608,2.159,0.182,2.608,1.651,0.182;                         0002869P0001677
100,0.,0.,0.,6.30288481E-02,8.369686333E-02,-6.381659082E-02,    0002871P0001678
8.309779396E-02;                                                 0002871P0001679
124,-0.793107077,-0.609082232,0.,2.709,0.,0.,-1.,1.651,          0002873P0001680
0.609082232,-0.793107077,-0.,0.21;                               0002873P0001681
144,2877,1,0,2885;                                               0002875P0001682
120,2881,2883,4.978222094,6.283185307;                           0002877P0001683
124,0.,-1.,0.,2.709,0.,0.,1.,1.651,-1.,0.,0.,0.21;               0002879P0001684
110,0.,0.,1.,0.,0.,0.;                                           0002881P0001685
110,0.20955,0.,0.,0.20955,0.,0.508;                              0002883P0001686
142,0,2877,2887,2897,3;                                          0002885P0001687
102,4,2889,2891,2893,2895;                                       0002887P0001688
110,1.,6.283185307,0.,-2.220446049E-16,6.283185307,0.;           0002889P0001689
110,3.944304526E-31,6.283185307,0.,-5.703937819E-16,4.978222094, 0002891P0001690
0.;                                                              0002891P0001691
110,-5.703937819E-16,4.978222094,0.,1.,4.978222094,0.;           0002893P0001692
110,1.,4.978222094,0.,1.,6.283185307,0.;                         0002895P0001693
102,4,2899,2901,2905,2907;                                       0002897P0001694
110,2.709,2.159,0.,2.709,1.651,0.;                               0002899P0001695
100,0.,0.,0.,0.127633182,0.166195588,-0.126826873,0.16681171;    0002901P0001696
124,0.793107077,-0.609082232,0.,2.709,0.,0.,1.,1.651,            0002903P0001697
-0.609082232,-0.793107077,0.,0.21;                               0002903P0001698
110,2.507,1.651,0.155,2.507,2.159,0.155;                         0002905P0001699
100,0.,0.,0.,0.126826873,0.16681171,-0.127633182,0.166195588;    0002907P0001700
124,-0.793107077,-0.609082232,0.,2.709,0.,0.,-1.,2.159,          0002909P0001701
0.609082232,-0.793107077,-0.,0.21;                               0002909P0001702
144,2913,1,0,2915;                                               0002911P0001703
108,0.,-1.,0.,-1.651,0,1.994,1.651,0.314,0.;                     0002913P0001704
142,0,2913,0,2917,2;                                             0002915P0001705
102,12,2919,2921,2923,2925,2929,2931,2935,2937,2939,2941,2945,   0002917P0001706
2947;                                                            0002917P0001707
110,2.384,1.651,0.419,1.994,1.651,0.419;                         0002919P0001708
110,1.994,1.651,0.419,1.994,1.651,0.314;                         0002921P0001709
110,1.994,1.651,0.314,2.384,1.651,0.314;                         0002923P0001710
100,0.,0.,0.,-6.381659082E-02,-8.309779396E-02,6.379764302E-02,  0002925P0001711
-8.311234186E-02;                                                0002925P0001712
124,0.793107077,-0.609082232,0.,2.384,0.,0.,1.,1.651,            0002927P0001713
-0.609082232,-0.793107077,0.,0.21;                               0002927P0001714
110,2.485,1.651,0.237,2.506986479,1.651,0.154996375;             0002929P0001715
100,0.,0.,0.,-0.126826873,-0.16681171,0.127633182,-0.166195588;  0002931P0001716
124,0.793107077,0.609082232,0.,2.709,0.,0.,-1.,1.651,            0002933P0001717
-0.609082232,0.793107077,0.,0.21;                                0002933P0001718
110,2.709,1.651,0.,3.099,1.651,0.;                               0002935P0001719
110,3.099,1.651,0.,3.099,1.651,0.105;                            0002937P0001720
110,3.099,1.651,0.105,2.709,1.651,0.105;                         0002939P0001721
100,0.,0.,0.,-6.381659082E-02,-8.309779396E-02,6.30288481E-02,   0002941P0001722
-8.369686333E-02;                                                0002941P0001723
124,-0.793107077,0.609082232,0.,2.709,0.,0.,1.,1.651,            0002943P0001724
0.609082232,0.793107077,0.,0.21;                                 0002943P0001725
110,2.608,1.651,0.182,2.586013521,1.651,0.264003625;             0002945P0001726
100,0.,0.,0.,-0.127595286,-0.166224684,0.127633182,-0.166195588; 0002947P0001727
124,-0.793107077,-0.609082232,0.,2.384,0.,0.,-1.,1.651,          0002949P0001728
0.609082232,-0.793107077,0.,0.21;                                0002949P0001729
144,2953,1,0,2955;                                               0002951P0001730
108,0.,1.,0.,2.159,0,2.709,2.159,0.105,0.;                       0002953P0001731
142,0,2953,0,2957,2;                                             0002955P0001732
102,12,2959,2961,2963,2965,2969,2971,2975,2977,2979,2981,2985,   0002957P0001733
2987;                                                            0002957P0001734
110,2.384,2.159,0.314,1.994,2.159,0.314;                         0002959P0001735
110,1.994,2.159,0.314,1.994,2.159,0.419;                         0002961P0001736
110,1.994,2.159,0.419,2.384,2.159,0.419;                         0002963P0001737
100,0.,0.,0.,-0.127633182,-0.166195588,0.127595286,-0.166224684; 0002965P0001738
124,0.793107077,-0.609082232,0.,2.384,0.,0.,1.,2.159,            0002967P0001739
-0.609082232,-0.793107077,0.,0.21;                               0002967P0001740
110,2.586,2.159,0.264,2.607986479,2.159,0.181996375;             0002969P0001741
100,0.,0.,0.,-6.30288481E-02,-8.369686333E-02,6.381659082E-02,   0002971P0001742
-8.309779396E-02;                                                0002971P0001743
124,0.793107077,0.609082232,0.,2.709,0.,0.,-1.,2.159,            0002973P0001744
-0.609082232,0.793107077,0.,0.21;                                0002973P0001745
110,2.709,2.159,0.105,3.099,2.159,0.105;                         0002975P0001746
110,3.099,2.159,0.105,3.099,2.159,0.;                            0002977P0001747
110,3.099,2.159,0.,2.709,2.159,0.;                               0002979P0001748
100,0.,0.,0.,-0.127633182,-0.166195588,0.126826873,-0.16681171;  0002981P0001749
124,-0.793107077,0.609082232,0.,2.709,0.,0.,1.,2.159,            0002983P0001750
0.609082232,0.793107077,0.,0.21;                                 0002983P0001751
110,2.507,2.159,0.155,2.485013521,2.159,0.237003625;             0002985P0001752
100,0.,0.,0.,-6.379764302E-02,-8.311234186E-02,6.381659082E-02,  0002987P0001753
-8.309779396E-02;                                                0002987P0001754
124,-0.793107077,-0.609082232,0.,2.384,0.,0.,-1.,2.159,          0002989P0001755
0.609082232,-0.793107077,0.,0.21;                                0002989P0001756
314,58.799999754,58.799999754,58.799999754,6HGRAY59;             0002991P0001757
314,43.100000596,43.100000596,43.100000596,6HGRAY43;             0002993P0001758
314,72.499999117,72.499999117,72.499999117,6HGRAY72;             0002995P0001759
406,1,4Hpart;                                                    0002997P0001760
S      1G      4D   2998P   1760                                        T0000001
